[2026-03-02 10:28:30] This is codeql database create cwe242-db --language=c --source-root=/Users/afiaasante/Security-Code-Smells/Security-Code-Smells-in-C/benchmark/juliet/testcases/CWE242_Use_of_Inherently_Dangerous_Function --threads=1
[2026-03-02 10:28:30] Log file was started late.
[2026-03-02 10:28:30] [PROGRESS] database create> Initializing database at /Users/afiaasante/Security-Code-Smells/cwe242-db.
[2026-03-02 10:28:30] Running plumbing command: codeql database init --language=c --extractor-options-verbosity=1 --qlconfig-file=/Users/afiaasante/Security-Code-Smells/qlconfig.yml --source-root=/Users/afiaasante/Security-Code-Smells/Security-Code-Smells-in-C/benchmark/juliet/testcases/CWE242_Use_of_Inherently_Dangerous_Function --allow-missing-source-root=false --allow-already-existing -- /Users/afiaasante/Security-Code-Smells/cwe242-db
[2026-03-02 10:28:30] Calling plumbing command: codeql resolve languages --extractor-options-verbosity=1 --format=betterjson
[2026-03-02 10:28:30] [DETAILS] resolve languages> Scanning for [codeql-extractor.yml] from /Users/afiaasante/codeql/.codeqlmanifest.json
[2026-03-02 10:28:30] [DETAILS] resolve languages> Parsing /Users/afiaasante/codeql/go/codeql-extractor.yml.
[2026-03-02 10:28:30] [DETAILS] resolve languages> Parsing /Users/afiaasante/codeql/python/codeql-extractor.yml.
[2026-03-02 10:28:30] [DETAILS] resolve languages> Parsing /Users/afiaasante/codeql/rust/codeql-extractor.yml.
[2026-03-02 10:28:30] [DETAILS] resolve languages> Parsing /Users/afiaasante/codeql/java/codeql-extractor.yml.
[2026-03-02 10:28:30] [DETAILS] resolve languages> Parsing /Users/afiaasante/codeql/html/codeql-extractor.yml.
[2026-03-02 10:28:30] [DETAILS] resolve languages> Parsing /Users/afiaasante/codeql/xml/codeql-extractor.yml.
[2026-03-02 10:28:30] [DETAILS] resolve languages> Parsing /Users/afiaasante/codeql/properties/codeql-extractor.yml.
[2026-03-02 10:28:30] [DETAILS] resolve languages> Parsing /Users/afiaasante/codeql/cpp/codeql-extractor.yml.
[2026-03-02 10:28:30] [DETAILS] resolve languages> Parsing /Users/afiaasante/codeql/swift/codeql-extractor.yml.
[2026-03-02 10:28:30] [DETAILS] resolve languages> Parsing /Users/afiaasante/codeql/csv/codeql-extractor.yml.
[2026-03-02 10:28:30] [DETAILS] resolve languages> Parsing /Users/afiaasante/codeql/actions/codeql-extractor.yml.
[2026-03-02 10:28:30] [DETAILS] resolve languages> Parsing /Users/afiaasante/codeql/yaml/codeql-extractor.yml.
[2026-03-02 10:28:30] [DETAILS] resolve languages> Parsing /Users/afiaasante/codeql/csharp/codeql-extractor.yml.
[2026-03-02 10:28:30] [DETAILS] resolve languages> Parsing /Users/afiaasante/codeql/javascript/codeql-extractor.yml.
[2026-03-02 10:28:30] [DETAILS] resolve languages> Parsing /Users/afiaasante/codeql/ruby/codeql-extractor.yml.
[2026-03-02 10:28:30] Plumbing command codeql resolve languages completed:
                      {
                        "aliases" : {
                          "c" : "cpp",
                          "c++" : "cpp",
                          "c-c++" : "cpp",
                          "c-cpp" : "cpp",
                          "c#" : "csharp",
                          "java-kotlin" : "java",
                          "kotlin" : "java",
                          "javascript-typescript" : "javascript",
                          "typescript" : "javascript"
                        },
                        "extractors" : {
                          "go" : [
                            {
                              "extractor_root" : "/Users/afiaasante/codeql/go",
                              "extractor_options" : {
                                "extract_tests" : {
                                  "title" : "Whether to include Go test files in the CodeQL database.",
                                  "description" : "A value indicating whether Go test files should be included in the CodeQL database. The default is 'false'.\n",
                                  "type" : "string",
                                  "pattern" : "^(false|true)$"
                                },
                                "extract_vendor_dirs" : {
                                  "title" : "Whether to include Go vendor directories in the CodeQL database.",
                                  "description" : "A value indicating whether Go vendor directories should be included in the CodeQL database. The default is 'false'.\n",
                                  "type" : "string",
                                  "pattern" : "^(false|true)$"
                                }
                              }
                            }
                          ],
                          "python" : [
                            {
                              "extractor_root" : "/Users/afiaasante/codeql/python",
                              "extractor_options" : {
                                "logging" : {
                                  "title" : "Options pertaining to logging.",
                                  "description" : "Options pertaining to logging.",
                                  "type" : "object",
                                  "properties" : {
                                    "verbosity" : {
                                      "title" : "Python extractor logging verbosity level.",
                                      "description" : "Controls the level of verbosity of the CodeQL Python extractor.\nThe supported levels are (in order of increasing verbosity):\n\n  - off\n  - errors\n  - warnings\n  - info or progress\n  - debug or progress+\n  - trace or progress++\n  - progress+++\n",
                                      "type" : "string",
                                      "pattern" : "^(off|errors|warnings|(info|progress)|(debug|progress\\+)|(trace|progress\\+\\+)|progress\\+\\+\\+)$"
                                    }
                                  }
                                },
                                "python_executable_name" : {
                                  "title" : "Controls the name of the Python executable used by the Python extractor.",
                                  "description" : "The Python extractor uses platform-dependent heuristics to determine the name of the Python executable to use. Specifying a value for this option overrides the name of the Python executable used by the extractor. Accepted values are py, python and python3. Use this setting with caution, the Python extractor requires Python 3 to run.\n",
                                  "type" : "string",
                                  "pattern" : "^(py|python|python3)$"
                                }
                              }
                            }
                          ],
                          "rust" : [
                            {
                              "extractor_root" : "/Users/afiaasante/codeql/rust",
                              "extractor_options" : {
                                "trap" : {
                                  "title" : "Options pertaining to TRAP.",
                                  "description" : "Options pertaining to TRAP.",
                                  "type" : "object",
                                  "properties" : {
                                    "compression" : {
                                      "title" : "Controls compression for the TRAP files written by the extractor.",
                                      "description" : "This option is only intended for use in debugging the extractor. Accepted values are 'gzip' (to write gzip-compressed TRAP) 'zstd' (to write Zstandard-compressed TRAP) and 'none' (the default, to write uncompressed TRAP).\n",
                                      "type" : "string",
                                      "pattern" : "^(none|gzip|zstd)$"
                                    }
                                  }
                                },
                                "cargo_target_dir" : {
                                  "title" : "Directory to use for cargo output files.",
                                  "description" : "This value is an optional path to use as `CARGO_TARGET_DIR` for the internal cargo commands the extractor uses. Pointing it to a persistent directory may reduce execution time of consecutive extractor runs. By default, a new scratch directory is used for each run.\n",
                                  "type" : "string"
                                },
                                "cargo_target" : {
                                  "title" : "Target architecture",
                                  "description" : "Target architecture to use for analysis, analogous to `cargo --target`. By default the host architecture is used.\n",
                                  "type" : "string"
                                },
                                "cargo_features" : {
                                  "title" : "Cargo features to turn on",
                                  "description" : "Comma-separated list of features to turn on. By default all features are enabled. If any features are specified, then only those features are enabled. The `default` feature must be explicitly specified if only default features are desired. Can be repeated.\n",
                                  "type" : "array"
                                },
                                "cargo_cfg_overrides" : {
                                  "title" : "Cargo cfg overrides",
                                  "description" : "Comma-separated list of cfg settings to enable, or disable if prefixed with `-`. Can be repeated.\n",
                                  "type" : "array"
                                },
                                "logging" : {
                                  "title" : "Options pertaining to logging.",
                                  "description" : "Options pertaining to logging.",
                                  "type" : "object",
                                  "properties" : {
                                    "verbosity" : {
                                      "title" : "Extractor logging verbosity level.",
                                      "description" : "Controls the level of verbosity of the extractor. The supported levels are (in order of increasing verbosity):\n  - off\n  - errors\n  - warnings\n  - info or progress\n  - debug or progress+\n  - trace or progress++\n  - progress+++\n",
                                      "type" : "string",
                                      "pattern" : "^(off|errors|warnings|(info|progress)|(debug|progress\\+)|(trace|progress\\+\\+)|progress\\+\\+\\+)$"
                                    },
                                    "flamegraph" : {
                                      "title" : "[Experimental] File path for write flame graph log",
                                      "description" : "Collect flame graph data using the `tracing-flame` crate. To render a flame graph or chart, run the `inferno-flamegraph` command. See also: https://crates.io/crates/tracing-flame\n",
                                      "type" : "string"
                                    }
                                  }
                                },
                                "extract_dependencies_as_source" : {
                                  "title" : "Extract dependencies as source code",
                                  "description" : "Extract the full source code of dependencies instead of only extracting signatures.\n",
                                  "type" : "string",
                                  "pattern" : "^(false|true)$"
                                }
                              }
                            }
                          ],
                          "java" : [
                            {
                              "extractor_root" : "/Users/afiaasante/codeql/java",
                              "extractor_options" : {
                                "exclude" : {
                                  "title" : "A glob excluding files from analysis.",
                                  "description" : "A glob indicating what files to exclude from the analysis. This accepts glob patterns that are supported by Java's 'getPathMatcher' implementation.\n",
                                  "type" : "string"
                                },
                                "add_prefer_source" : {
                                  "title" : "Whether to always prefer source files over class files.",
                                  "description" : "A value indicating whether source files should be preferred over class files. If set to 'true', the extraction adds '-Xprefer:source' to the javac command line. If set to 'false', the extraction uses the default javac behavior ('-Xprefer:newer'). The default is 'true'.\n",
                                  "type" : "string",
                                  "pattern" : "^(false|true)$"
                                },
                                "buildless" : {
                                  "title" : "Whether to use buildless (standalone) extraction (experimental).",
                                  "description" : "A value indicating, which type of extraction the autobuilder should perform. If 'true', then the standalone extractor will be used, otherwise tracing extraction will be performed. The default is 'false'. Note that buildless extraction will generally yield less accurate analysis results, and should only be used in cases where it is not possible to build the code (for example if it uses inaccessible dependencies).\n",
                                  "type" : "string",
                                  "pattern" : "^(false|true)$"
                                },
                                "buildless_dependency_dir" : {
                                  "title" : "The path where buildless (standalone) extraction should keep dependencies.",
                                  "description" : "If set, the buildless (standalone) extractor will store dependencies in this directory.\n",
                                  "type" : "string"
                                },
                                "minimize_dependency_jars" : {
                                  "title" : "Whether to rewrite and minimize downloaded JAR dependencies (experimental).",
                                  "description" : "If 'true', JAR dependencies downloaded during extraction will be rewritten to remove unneeded data, such as method bodies. The default is 'false'.\n",
                                  "type" : "string",
                                  "pattern" : "^(false|true)$"
                                }
                              }
                            }
                          ],
                          "html" : [
                            {
                              "extractor_root" : "/Users/afiaasante/codeql/html"
                            }
                          ],
                          "xml" : [
                            {
                              "extractor_root" : "/Users/afiaasante/codeql/xml"
                            }
                          ],
                          "properties" : [
                            {
                              "extractor_root" : "/Users/afiaasante/codeql/properties"
                            }
                          ],
                          "cpp" : [
                            {
                              "extractor_root" : "/Users/afiaasante/codeql/cpp",
                              "extractor_options" : {
                                "scale_timeouts" : {
                                  "title" : "Value to scale compiler introspection timeouts with",
                                  "description" : "The extractor attempts to determine what compiler the source code being extracted is compiled with. To this end the extractor makes additional calls to the compiler, some of which are expected to return within a certain fixed time (either 10s or 15s). On some systems that are under high load this time might be too short, and can be scaled up using this option.\n",
                                  "type" : "string",
                                  "pattern" : "[0-9]+"
                                },
                                "log_verbosity" : {
                                  "title" : "Verbosity of the extractor logging",
                                  "description" : "Set the verbosity of the extractor logging to 'quiet' (0), 'normal' (1), 'chatty' (2), or 'noisy' (3). The default is 'normal'.\n",
                                  "type" : "string",
                                  "pattern" : "[0-3]"
                                }
                              }
                            }
                          ],
                          "swift" : [
                            {
                              "extractor_root" : "/Users/afiaasante/codeql/swift"
                            }
                          ],
                          "csv" : [
                            {
                              "extractor_root" : "/Users/afiaasante/codeql/csv"
                            }
                          ],
                          "actions" : [
                            {
                              "extractor_root" : "/Users/afiaasante/codeql/actions",
                              "extractor_options" : { }
                            }
                          ],
                          "yaml" : [
                            {
                              "extractor_root" : "/Users/afiaasante/codeql/yaml"
                            }
                          ],
                          "csharp" : [
                            {
                              "extractor_root" : "/Users/afiaasante/codeql/csharp",
                              "extractor_options" : {
                                "trap" : {
                                  "title" : "Options pertaining to TRAP.",
                                  "description" : "Options pertaining to TRAP.",
                                  "type" : "object",
                                  "properties" : {
                                    "compression" : {
                                      "title" : "Controls compression for the TRAP files written by the extractor.",
                                      "description" : "This option is only intended for use in debugging the extractor. Accepted values are 'brotli' (the default, to write brotli-compressed TRAP), 'gzip', and 'none' (to write uncompressed TRAP).\n",
                                      "type" : "string",
                                      "pattern" : "^(none|gzip|brotli)$"
                                    }
                                  }
                                },
                                "buildless" : {
                                  "title" : "DEPRECATED - Whether to use buildless (standalone) extraction.",
                                  "description" : "DEPRECATED: Use `--build-mode none` instead.\nA value indicating, which type of extraction the autobuilder should perform. If 'true', then the standalone extractor will be used, otherwise tracing extraction will be performed. The default is 'false'. Note that buildless extraction will generally yield less accurate analysis results, and should only be used in cases where it is not possible to build the code (for example if it uses inaccessible dependencies).\n",
                                  "type" : "string",
                                  "pattern" : "^(false|true)$"
                                },
                                "logging" : {
                                  "title" : "Options pertaining to logging.",
                                  "description" : "Options pertaining to logging.",
                                  "type" : "object",
                                  "properties" : {
                                    "verbosity" : {
                                      "title" : "Extractor logging verbosity level.",
                                      "description" : "Controls the level of verbosity of the extractor. The supported levels are (in order of increasing verbosity):\n  - off\n  - errors\n  - warnings\n  - info or progress\n  - debug or progress+\n  - trace or progress++\n  - progress+++\n",
                                      "type" : "string",
                                      "pattern" : "^(off|errors|warnings|(info|progress)|(debug|progress\\+)|(trace|progress\\+\\+)|progress\\+\\+\\+)$"
                                    }
                                  }
                                },
                                "binlog" : {
                                  "title" : "Binlog",
                                  "description" : "[EXPERIMENTAL] The value is a path to the MsBuild binary log file that should be extracted. This option only works when `--build-mode none` is also specified.\n",
                                  "type" : "array"
                                },
                                "buildless_dependency_dir" : {
                                  "title" : "The path where buildless (standalone) extraction should keep dependencies.",
                                  "description" : "If set, the buildless (standalone) extractor will store dependencies in this directory.\n",
                                  "type" : "string"
                                }
                              }
                            }
                          ],
                          "javascript" : [
                            {
                              "extractor_root" : "/Users/afiaasante/codeql/javascript",
                              "extractor_options" : {
                                "skip_types" : {
                                  "title" : "Skip type extraction for TypeScript",
                                  "description" : "Whether to skip the extraction of types in a TypeScript application",
                                  "type" : "string",
                                  "pattern" : "^(false|true)$"
                                }
                              }
                            }
                          ],
                          "ruby" : [
                            {
                              "extractor_root" : "/Users/afiaasante/codeql/ruby",
                              "extractor_options" : {
                                "trap" : {
                                  "title" : "Options pertaining to TRAP.",
                                  "description" : "Options pertaining to TRAP.",
                                  "type" : "object",
                                  "properties" : {
                                    "compression" : {
                                      "title" : "Controls compression for the TRAP files written by the extractor.",
                                      "description" : "This option is only intended for use in debugging the extractor. Accepted values are 'gzip' (the default, to write gzip-compressed TRAP) 'zstd' (to write Zstandard-compressed TRAP) and 'none' (to write uncompressed TRAP).\n",
                                      "type" : "string",
                                      "pattern" : "^(none|gzip|zstd)$"
                                    }
                                  }
                                }
                              }
                            }
                          ]
                        }
                      }
[2026-03-02 10:28:30] [PROGRESS] database init> Calculating baseline information in /Users/afiaasante/Security-Code-Smells/Security-Code-Smells-in-C/benchmark/juliet/testcases/CWE242_Use_of_Inherently_Dangerous_Function
[2026-03-02 10:28:30] [SPAMMY] database init> Ignoring the following directories when processing baseline information: .git, .hg, .svn.
[2026-03-02 10:28:30] [DETAILS] database init> Running command in /Users/afiaasante/Security-Code-Smells/Security-Code-Smells-in-C/benchmark/juliet/testcases/CWE242_Use_of_Inherently_Dangerous_Function: /Users/afiaasante/codeql/tools/osx64/scc --by-file --exclude-dir .git,.hg,.svn --format json --no-large --no-min .
[2026-03-02 10:28:31] [SPAMMY] database init> Found 21 baseline files for cpp.
[2026-03-02 10:28:31] [PROGRESS] database init> Calculated baseline information for languages: cpp (843ms).
[2026-03-02 10:28:31] [PROGRESS] database init> Resolving extractor cpp.
[2026-03-02 10:28:31] [DETAILS] database init> Found candidate extractor root for cpp: /Users/afiaasante/codeql/cpp.
[2026-03-02 10:28:31] [PROGRESS] database init> Successfully loaded extractor C/C++ (cpp) from /Users/afiaasante/codeql/cpp.
[2026-03-02 10:28:31] [SPAMMY] database init> Determining macOS System Integrity Protection status...
[2026-03-02 10:28:31] [SPAMMY] database init> Running command [/usr/bin/csrutil, status].
[2026-03-02 10:28:31] [SPAMMY] database init> SIP is enabled.
[2026-03-02 10:28:31] [PROGRESS] database init> Created skeleton CodeQL database at /Users/afiaasante/Security-Code-Smells/cwe242-db. This in-progress database is ready to be populated by an extractor.
[2026-03-02 10:28:31] Plumbing command codeql database init completed.
[2026-03-02 10:28:31] Using autobuild script /Users/afiaasante/codeql/cpp/tools/autobuild.sh.
[2026-03-02 10:28:31] [DETAILS] database create> Detected autobuild command for C/C++: /Users/afiaasante/codeql/cpp/tools/autobuild.sh.
[2026-03-02 10:28:31] [PROGRESS] database create> Running build command: [/Users/afiaasante/codeql/cpp/tools/autobuild.sh]
[2026-03-02 10:28:31] Running plumbing command: codeql database trace-command --threads=1 --working-dir=/Users/afiaasante/Security-Code-Smells/Security-Code-Smells-in-C/benchmark/juliet/testcases/CWE242_Use_of_Inherently_Dangerous_Function --index-traceless-dbs --no-db-cluster -- /Users/afiaasante/Security-Code-Smells/cwe242-db /Users/afiaasante/codeql/cpp/tools/autobuild.sh
[2026-03-02 10:28:31] [PROGRESS] database trace-command> Running command in /Users/afiaasante/Security-Code-Smells/Security-Code-Smells-in-C/benchmark/juliet/testcases/CWE242_Use_of_Inherently_Dangerous_Function: [/Users/afiaasante/codeql/cpp/tools/autobuild.sh]
[2026-03-02 10:28:37] [build-stderr] cpp/autobuilder: Using build system found in '.'
[2026-03-02 10:28:37] [build-stdout] ~/Security-Code-Smells/Security-Code-Smells-in-C/benchmark/juliet/testcases/CWE242_Use_of_Inherently_Dangerous_Function ~/Security-Code-Smells/Security-Code-Smells-in-C/benchmark/juliet/testcases/CWE242_Use_of_Inherently_Dangerous_Function
[2026-03-02 10:28:38] [build-stderr] cpp/autobuilder: trying to run make -j 10 [current dir: /Users/afiaasante/Security-Code-Smells/Security-Code-Smells-in-C/benchmark/juliet/testcases/CWE242_Use_of_Inherently_Dangerous_Function]
[2026-03-02 10:28:39] [build-stdout] /usr/bin/gcc -c -I ../../testcasesupport main_linux.cpp -o main_linux.o
[2026-03-02 10:28:39] [build-stdout] /usr/bin/gcc -c -I ../../testcasesupport CWE242_Use_of_Inherently_Dangerous_Function__basic_01.c -o CWE242_Use_of_Inherently_Dangerous_Function__basic_01.o
[2026-03-02 10:28:39] [build-stdout] /usr/bin/gcc -c -I ../../testcasesupport CWE242_Use_of_Inherently_Dangerous_Function__basic_02.c -o CWE242_Use_of_Inherently_Dangerous_Function__basic_02.o
[2026-03-02 10:28:39] [build-stdout] /usr/bin/gcc -c -I ../../testcasesupport CWE242_Use_of_Inherently_Dangerous_Function__basic_03.c -o CWE242_Use_of_Inherently_Dangerous_Function__basic_03.o
[2026-03-02 10:28:39] [build-stdout] /usr/bin/gcc -c -I ../../testcasesupport CWE242_Use_of_Inherently_Dangerous_Function__basic_04.c -o CWE242_Use_of_Inherently_Dangerous_Function__basic_04.o
[2026-03-02 10:28:39] [build-stdout] /usr/bin/gcc -c -I ../../testcasesupport CWE242_Use_of_Inherently_Dangerous_Function__basic_05.c -o CWE242_Use_of_Inherently_Dangerous_Function__basic_05.o
[2026-03-02 10:28:39] [build-stdout] /usr/bin/gcc -c -I ../../testcasesupport CWE242_Use_of_Inherently_Dangerous_Function__basic_06.c -o CWE242_Use_of_Inherently_Dangerous_Function__basic_06.o
[2026-03-02 10:28:39] [build-stdout] /usr/bin/gcc -c -I ../../testcasesupport CWE242_Use_of_Inherently_Dangerous_Function__basic_07.c -o CWE242_Use_of_Inherently_Dangerous_Function__basic_07.o
[2026-03-02 10:28:39] [build-stdout] /usr/bin/gcc -c -I ../../testcasesupport CWE242_Use_of_Inherently_Dangerous_Function__basic_08.c -o CWE242_Use_of_Inherently_Dangerous_Function__basic_08.o
[2026-03-02 10:28:39] [build-stdout] /usr/bin/gcc -c -I ../../testcasesupport CWE242_Use_of_Inherently_Dangerous_Function__basic_09.c -o CWE242_Use_of_Inherently_Dangerous_Function__basic_09.o
[2026-03-02 10:30:03] [build-stdout] CWE242_Use_of_Inherently_Dangerous_Function__basic_03.c:32:22: warning: 'gets' is deprecated: This function is provided for compatibility reasons only.  Due to security concerns inherent in the design of gets(3), it is highly recommended that you use fgets(3) instead. [-Wdeprecated-declarations]
[2026-03-02 10:30:03] [build-stdout]    32 |             result = gets(dest);
[2026-03-02 10:30:03] [build-stdout]       |                      ^
[2026-03-02 10:30:03] [build-stdout] /Library/Developer/CommandLineTools/SDKs/MacOSX.sdk/usr/include/_stdio.h:260:1: note: 'gets' has been explicitly marked deprecated here
[2026-03-02 10:30:03] [build-stdout]   260 | __deprecated_msg("This function is provided for compatibility reasons only.  Due to security concerns inherent in the design of gets(3), it is highly recommended that you use fgets(3) instead.")
[2026-03-02 10:30:03] [build-stdout]       | ^
[2026-03-02 10:30:03] [build-stdout] /Library/Developer/CommandLineTools/SDKs/MacOSX.sdk/usr/include/sys/cdefs.h:227:48: note: expanded from macro '__deprecated_msg'
[2026-03-02 10:30:03] [build-stdout]   227 |         #define __deprecated_msg(_msg) __attribute__((__deprecated__(_msg)))
[2026-03-02 10:30:03] [build-stdout]       |                                                       ^
[2026-03-02 10:30:03] [build-stdout] CWE242_Use_of_Inherently_Dangerous_Function__basic_08.c:45:22: warning: 'gets' is deprecated: This function is provided for compatibility reasons only.  Due to security concerns inherent in the design of gets(3), it is highly recommended that you use fgets(3) instead. [-Wdeprecated-declarations]
[2026-03-02 10:30:03] [build-stdout]    45 |             result = gets(dest);
[2026-03-02 10:30:03] [build-stdout]       |                      ^
[2026-03-02 10:30:03] [build-stdout] /Library/Developer/CommandLineTools/SDKs/MacOSX.sdk/usr/include/_stdio.h:260:1: note: 'gets' has been explicitly marked deprecated here
[2026-03-02 10:30:03] [build-stdout]   260 | __deprecated_msg("This function is provided for compatibility reasons only.  Due to security concerns inherent in the design of gets(3), it is highly recommended that you use fgets(3) instead.")
[2026-03-02 10:30:03] [build-stdout]       | ^
[2026-03-02 10:30:03] [build-stdout] /Library/Developer/CommandLineTools/SDKs/MacOSX.sdk/usr/include/sys/cdefs.h:227:48: note: expanded from macro '__deprecated_msg'
[2026-03-02 10:30:03] [build-stdout]   227 |         #define __deprecated_msg(_msg) __attribute__((__deprecated__(_msg)))
[2026-03-02 10:30:03] [build-stdout]       |                                                       ^
[2026-03-02 10:30:03] [build-stdout] CWE242_Use_of_Inherently_Dangerous_Function__basic_04.c:38:22: warning: 'gets' is deprecated: This function is provided for compatibility reasons only.  Due to security concerns inherent in the design of gets(3), it is highly recommended that you use fgets(3) instead. [-Wdeprecated-declarations]
[2026-03-02 10:30:03] [build-stdout]    38 |             result = gets(dest);
[2026-03-02 10:30:03] [build-stdout]       |                      ^
[2026-03-02 10:30:03] [build-stdout] /Library/Developer/CommandLineTools/SDKs/MacOSX.sdk/usr/include/_stdio.h:260:1: note: 'gets' has been explicitly marked deprecated here
[2026-03-02 10:30:03] [build-stdout]   260 | __deprecated_msg("This function is provided for compatibility reasons only.  Due to security concerns inherent in the design of gets(3), it is highly recommended that you use fgets(3) instead.")
[2026-03-02 10:30:03] [build-stdout]       | ^
[2026-03-02 10:30:03] [build-stdout] /Library/Developer/CommandLineTools/SDKs/MacOSX.sdk/usr/include/sys/cdefs.h:227:48: note: expanded from macro '__deprecated_msg'
[2026-03-02 10:30:03] [build-stdout]   227 |         #define __deprecated_msg(_msg) __attribute__((__deprecated__(_msg)))
[2026-03-02 10:30:03] [build-stdout]       |                                                       ^
[2026-03-02 10:30:03] [build-stdout] CWE242_Use_of_Inherently_Dangerous_Function__basic_07.c:37:22: warning: 'gets' is deprecated: This function is provided for compatibility reasons only.  Due to security concerns inherent in the design of gets(3), it is highly recommended that you use fgets(3) instead. [-Wdeprecated-declarations]
[2026-03-02 10:30:03] [build-stdout]    37 |             result = gets(dest);
[2026-03-02 10:30:03] [build-stdout]       |                      ^
[2026-03-02 10:30:03] [build-stdout] /Library/Developer/CommandLineTools/SDKs/MacOSX.sdk/usr/include/_stdio.h:260:1: note: 'gets' has been explicitly marked deprecated here
[2026-03-02 10:30:03] [build-stdout]   260 | __deprecated_msg("This function is provided for compatibility reasons only.  Due to security concerns inherent in the design of gets(3), it is highly recommended that you use fgets(3) instead.")
[2026-03-02 10:30:03] [build-stdout]       | ^
[2026-03-02 10:30:03] [build-stdout] /Library/Developer/CommandLineTools/SDKs/MacOSX.sdk/usr/include/sys/cdefs.h:227:48: note: expanded from macro '__deprecated_msg'
[2026-03-02 10:30:03] [build-stdout]   227 |         #define __deprecated_msg(_msg) __attribute__((__deprecated__(_msg)))
[2026-03-02 10:30:03] [build-stdout]       |                                                       ^
[2026-03-02 10:30:03] [build-stdout] In file included from main_linux.cpp:8:
[2026-03-02 10:30:03] [build-stdout] ../../testcasesupport/std_testcase.h:33:10: warning: '__STDC_LIMIT_MACROS' macro redefined [-Wmacro-redefined]
[2026-03-02 10:30:03] [build-stdout]    33 | # define __STDC_LIMIT_MACROS 1
[2026-03-02 10:30:03] [build-stdout]       |          ^
[2026-03-02 10:30:03] [build-stdout] /Library/Developer/CommandLineTools/SDKs/MacOSX.sdk/usr/include/c++/v1/stdint.h:29:11: note: previous definition is here
[2026-03-02 10:30:03] [build-stdout]    29 | #  define __STDC_LIMIT_MACROS
[2026-03-02 10:30:03] [build-stdout]       |           ^
[2026-03-02 10:30:03] [build-stdout] CWE242_Use_of_Inherently_Dangerous_Function__basic_09.c:32:22: warning: 'gets' is deprecated: This function is provided for compatibility reasons only.  Due to security concerns inherent in the design of gets(3), it is highly recommended that you use fgets(3) instead. [-Wdeprecated-declarations]
[2026-03-02 10:30:03] [build-stdout]    32 |             result = gets(dest);
[2026-03-02 10:30:03] [build-stdout]       |                      ^
[2026-03-02 10:30:03] [build-stdout] /Library/Developer/CommandLineTools/SDKs/MacOSX.sdk/usr/include/_stdio.h:260:1: note: 'gets' has been explicitly marked deprecated here
[2026-03-02 10:30:03] [build-stdout]   260 | __deprecated_msg("This function is provided for compatibility reasons only.  Due to security concerns inherent in the design of gets(3), it is highly recommended that you use fgets(3) instead.")
[2026-03-02 10:30:03] [build-stdout]       | ^
[2026-03-02 10:30:03] [build-stdout] /Library/Developer/CommandLineTools/SDKs/MacOSX.sdk/usr/include/sys/cdefs.h:227:48: note: expanded from macro '__deprecated_msg'
[2026-03-02 10:30:03] [build-stdout]   227 |         #define __deprecated_msg(_msg) __attribute__((__deprecated__(_msg)))
[2026-03-02 10:30:03] [build-stdout]       |                                                       ^
[2026-03-02 10:30:03] [build-stdout] CWE242_Use_of_Inherently_Dangerous_Function__basic_01.c:30:18: warning: 'gets' is deprecated: This function is provided for compatibility reasons only.  Due to security concerns inherent in the design of gets(3), it is highly recommended that you use fgets(3) instead. [-Wdeprecated-declarations]
[2026-03-02 10:30:03] [build-stdout]    30 |         result = gets(dest);
[2026-03-02 10:30:03] [build-stdout]       |                  ^
[2026-03-02 10:30:03] [build-stdout] /Library/Developer/CommandLineTools/SDKs/MacOSX.sdk/usr/include/_stdio.h:260:1: note: 'gets' has been explicitly marked deprecated here
[2026-03-02 10:30:03] [build-stdout]   260 | __deprecated_msg("This function is provided for compatibility reasons only.  Due to security concerns inherent in the design of gets(3), it is highly recommended that you use fgets(3) instead.")
[2026-03-02 10:30:03] [build-stdout]       | ^
[2026-03-02 10:30:03] [build-stdout] /Library/Developer/CommandLineTools/SDKs/MacOSX.sdk/usr/include/sys/cdefs.h:227:48: note: expanded from macro '__deprecated_msg'
[2026-03-02 10:30:03] [build-stdout]   227 |         #define __deprecated_msg(_msg) __attribute__((__deprecated__(_msg)))
[2026-03-02 10:30:03] [build-stdout]       |                                                       ^
[2026-03-02 10:30:03] [build-stdout] 1 warning generated.
[2026-03-02 10:30:03] [build-stdout] 1 warning generated.
[2026-03-02 10:30:03] [build-stdout] 1 warning generated.
[2026-03-02 10:30:03] [build-stdout] CWE242_Use_of_Inherently_Dangerous_Function__basic_05.c:38:22: warning: 'gets' is deprecated: This function is provided for compatibility reasons only.  Due to security concerns inherent in the design of gets(3), it is highly recommended that you use fgets(3) instead. [-Wdeprecated-declarations]
[2026-03-02 10:30:03] [build-stdout]    38 |             result = gets(dest);
[2026-03-02 10:30:03] [build-stdout]       |                      ^
[2026-03-02 10:30:03] [build-stdout] /Library/Developer/CommandLineTools/SDKs/MacOSX.sdk/usr/include/_stdio.h:260:1: note: 'gets' has been explicitly marked deprecated here
[2026-03-02 10:30:03] [build-stdout]   260 | __deprecated_msg("This function is provided for compatibility reasons only.  Due to security concerns inherent in the design of gets(3), it is highly recommended that you use fgets(3) instead.")
[2026-03-02 10:30:03] [build-stdout]       | ^
[2026-03-02 10:30:03] [build-stdout] /Library/Developer/CommandLineTools/SDKs/MacOSX.sdk/usr/include/sys/cdefs.h:227:48: note: expanded from macro '__deprecated_msg'
[2026-03-02 10:30:03] [build-stdout]   227 |         #define __deprecated_msg(_msg) __attribute__((__deprecated__(_msg)))
[2026-03-02 10:30:03] [build-stdout]       |                                                       ^
[2026-03-02 10:30:03] [build-stdout] 1 warning generated.
[2026-03-02 10:30:03] [build-stdout] 1 warning generated.
[2026-03-02 10:30:03] [build-stdout] CWE242_Use_of_Inherently_Dangerous_Function__basic_02.c:32:22: warning: 'gets' is deprecated: This function is provided for compatibility reasons only.  Due to security concerns inherent in the design of gets(3), it is highly recommended that you use fgets(3) instead. [-Wdeprecated-declarations]
[2026-03-02 10:30:03] [build-stdout]    32 |             result = gets(dest);
[2026-03-02 10:30:03] [build-stdout]       |                      ^
[2026-03-02 10:30:03] [build-stdout] /Library/Developer/CommandLineTools/SDKs/MacOSX.sdk/usr/include/_stdio.h:260:1: note: 'gets' has been explicitly marked deprecated here
[2026-03-02 10:30:03] [build-stdout]   260 | __deprecated_msg("This function is provided for compatibility reasons only.  Due to security concerns inherent in the design of gets(3), it is highly recommended that you use fgets(3) instead.")
[2026-03-02 10:30:03] [build-stdout]       | ^
[2026-03-02 10:30:03] [build-stdout] /Library/Developer/CommandLineTools/SDKs/MacOSX.sdk/usr/include/sys/cdefs.h:227:48: note: expanded from macro '__deprecated_msg'
[2026-03-02 10:30:03] [build-stdout]   227 |         #define __deprecated_msg(_msg) __attribute__((__deprecated__(_msg)))
[2026-03-02 10:30:03] [build-stdout]       |                                                       ^
[2026-03-02 10:30:03] [build-stdout] 1 warning generated.
[2026-03-02 10:30:03] [build-stdout] 1 warning generated.
[2026-03-02 10:30:03] [build-stdout] 1 warning generated.
[2026-03-02 10:30:03] [build-stdout] CWE242_Use_of_Inherently_Dangerous_Function__basic_06.c:37:22: warning: 'gets' is deprecated: This function is provided for compatibility reasons only.  Due to security concerns inherent in the design of gets(3), it is highly recommended that you use fgets(3) instead. [-Wdeprecated-declarations]
[2026-03-02 10:30:03] [build-stdout]    37 |             result = gets(dest);
[2026-03-02 10:30:03] [build-stdout]       |                      ^
[2026-03-02 10:30:03] [build-stdout] /Library/Developer/CommandLineTools/SDKs/MacOSX.sdk/usr/include/_stdio.h:260:1: note: 'gets' has been explicitly marked deprecated here
[2026-03-02 10:30:03] [build-stdout]   260 | __deprecated_msg("This function is provided for compatibility reasons only.  Due to security concerns inherent in the design of gets(3), it is highly recommended that you use fgets(3) instead.")
[2026-03-02 10:30:03] [build-stdout]       | ^
[2026-03-02 10:30:03] [build-stdout] /Library/Developer/CommandLineTools/SDKs/MacOSX.sdk/usr/include/sys/cdefs.h:227:48: note: expanded from macro '__deprecated_msg'
[2026-03-02 10:30:03] [build-stdout]   227 |         #define __deprecated_msg(_msg) __attribute__((__deprecated__(_msg)))
[2026-03-02 10:30:03] [build-stdout]       |                                                       ^
[2026-03-02 10:30:03] [build-stdout] 1 warning generated.
[2026-03-02 10:30:03] [build-stdout] 1 warning generated.
[2026-03-02 10:30:14] [build-stdout] /usr/bin/gcc -c -I ../../testcasesupport CWE242_Use_of_Inherently_Dangerous_Function__basic_10.c -o CWE242_Use_of_Inherently_Dangerous_Function__basic_10.o
[2026-03-02 10:30:14] [build-stdout] /usr/bin/gcc -c -I ../../testcasesupport CWE242_Use_of_Inherently_Dangerous_Function__basic_11.c -o CWE242_Use_of_Inherently_Dangerous_Function__basic_11.o
[2026-03-02 10:30:14] [build-stdout] /usr/bin/gcc -c -I ../../testcasesupport CWE242_Use_of_Inherently_Dangerous_Function__basic_12.c -o CWE242_Use_of_Inherently_Dangerous_Function__basic_12.o
[2026-03-02 10:30:14] [build-stdout] /usr/bin/gcc -c -I ../../testcasesupport CWE242_Use_of_Inherently_Dangerous_Function__basic_13.c -o CWE242_Use_of_Inherently_Dangerous_Function__basic_13.o
[2026-03-02 10:30:14] [build-stdout] /usr/bin/gcc -c -I ../../testcasesupport CWE242_Use_of_Inherently_Dangerous_Function__basic_14.c -o CWE242_Use_of_Inherently_Dangerous_Function__basic_14.o
[2026-03-02 10:30:14] [build-stdout] /usr/bin/gcc -c -I ../../testcasesupport CWE242_Use_of_Inherently_Dangerous_Function__basic_15.c -o CWE242_Use_of_Inherently_Dangerous_Function__basic_15.o
[2026-03-02 10:30:14] [build-stdout] /usr/bin/gcc -c -I ../../testcasesupport CWE242_Use_of_Inherently_Dangerous_Function__basic_16.c -o CWE242_Use_of_Inherently_Dangerous_Function__basic_16.o
[2026-03-02 10:30:14] [build-stdout] /usr/bin/gcc -c -I ../../testcasesupport CWE242_Use_of_Inherently_Dangerous_Function__basic_17.c -o CWE242_Use_of_Inherently_Dangerous_Function__basic_17.o
[2026-03-02 10:30:14] [build-stdout] /usr/bin/gcc -c -I ../../testcasesupport CWE242_Use_of_Inherently_Dangerous_Function__basic_18.c -o CWE242_Use_of_Inherently_Dangerous_Function__basic_18.o
[2026-03-02 10:30:14] [build-stdout] /usr/bin/gcc -c -I ../../testcasesupport ../../testcasesupport/io.c -o io.o
[2026-03-02 10:30:14] [build-stdout] CWE242_Use_of_Inherently_Dangerous_Function__basic_10.c:32:22: warning: 'gets' is deprecated: This function is provided for compatibility reasons only.  Due to security concerns inherent in the design of gets(3), it is highly recommended that you use fgets(3) instead. [-Wdeprecated-declarations]
[2026-03-02 10:30:14] [build-stdout]    32 |             result = gets(dest);
[2026-03-02 10:30:14] [build-stdout]       |                      ^
[2026-03-02 10:30:14] [build-stdout] /Library/Developer/CommandLineTools/SDKs/MacOSX.sdk/usr/include/_stdio.h:260:1: note: 'gets' has been explicitly marked deprecated here
[2026-03-02 10:30:14] [build-stdout]   260 | __deprecated_msg("This function is provided for compatibility reasons only.  Due to security concerns inherent in the design of gets(3), it is highly recommended that you use fgets(3) instead.")
[2026-03-02 10:30:14] [build-stdout]       | ^
[2026-03-02 10:30:14] [build-stdout] /Library/Developer/CommandLineTools/SDKs/MacOSX.sdk/usr/include/sys/cdefs.h:227:48: note: expanded from macro '__deprecated_msg'
[2026-03-02 10:30:14] [build-stdout]   227 |         #define __deprecated_msg(_msg) __attribute__((__deprecated__(_msg)))
[2026-03-02 10:30:14] [build-stdout]       |                                                       ^
[2026-03-02 10:30:14] [build-stdout] CWE242_Use_of_Inherently_Dangerous_Function__basic_12.c:32:22: warning: 'gets' is deprecated: This function is provided for compatibility reasons only.  Due to security concerns inherent in the design of gets(3), it is highly recommended that you use fgets(3) instead. [-Wdeprecated-declarations]
[2026-03-02 10:30:14] [build-stdout]    32 |             result = gets(dest);
[2026-03-02 10:30:14] [build-stdout]       |                      ^
[2026-03-02 10:30:14] [build-stdout] /Library/Developer/CommandLineTools/SDKs/MacOSX.sdk/usr/include/_stdio.h:260:1: note: 'gets' has been explicitly marked deprecated here
[2026-03-02 10:30:14] [build-stdout]   260 | __deprecated_msg("This function is provided for compatibility reasons only.  Due to security concerns inherent in the design of gets(3), it is highly recommended that you use fgets(3) instead.")
[2026-03-02 10:30:14] [build-stdout]       | ^
[2026-03-02 10:30:14] [build-stdout] /Library/Developer/CommandLineTools/SDKs/MacOSX.sdk/usr/include/sys/cdefs.h:227:48: note: expanded from macro '__deprecated_msg'
[2026-03-02 10:30:14] [build-stdout]   227 |         #define __deprecated_msg(_msg) __attribute__((__deprecated__(_msg)))
[2026-03-02 10:30:14] [build-stdout]       |                                                       ^
[2026-03-02 10:30:14] [build-stdout] CWE242_Use_of_Inherently_Dangerous_Function__basic_11.c:32:22: warning: 'gets' is deprecated: This function is provided for compatibility reasons only.  Due to security concerns inherent in the design of gets(3), it is highly recommended that you use fgets(3) instead. [-Wdeprecated-declarations]
[2026-03-02 10:30:14] [build-stdout]    32 |             result = gets(dest);
[2026-03-02 10:30:14] [build-stdout]       |                      ^
[2026-03-02 10:30:14] [build-stdout] /Library/Developer/CommandLineTools/SDKs/MacOSX.sdk/usr/include/_stdio.h:260:1: note: 'gets' has been explicitly marked deprecated here
[2026-03-02 10:30:14] [build-stdout]   260 | __deprecated_msg("This function is provided for compatibility reasons only.  Due to security concerns inherent in the design of gets(3), it is highly recommended that you use fgets(3) instead.")
[2026-03-02 10:30:14] [build-stdout]       | ^
[2026-03-02 10:30:14] [build-stdout] /Library/Developer/CommandLineTools/SDKs/MacOSX.sdk/usr/include/sys/cdefs.h:227:48: note: expanded from macro '__deprecated_msg'
[2026-03-02 10:30:14] [build-stdout]   227 |         #define __deprecated_msg(_msg) __attribute__((__deprecated__(_msg)))
[2026-03-02 10:30:14] [build-stdout]       |                                                       ^
[2026-03-02 10:30:14] [build-stdout] 1 warning generated.
[2026-03-02 10:30:14] [build-stdout] 1 warning generated.
[2026-03-02 10:30:14] [build-stdout] 1 warning generated.
[2026-03-02 10:30:14] [build-stdout] CWE242_Use_of_Inherently_Dangerous_Function__basic_13.c:32:22: warning: 'gets' is deprecated: This function is provided for compatibility reasons only.  Due to security concerns inherent in the design of gets(3), it is highly recommended that you use fgets(3) instead. [-Wdeprecated-declarations]
[2026-03-02 10:30:14] [build-stdout]    32 |             result = gets(dest);
[2026-03-02 10:30:14] [build-stdout]       |                      ^
[2026-03-02 10:30:14] [build-stdout] /Library/Developer/CommandLineTools/SDKs/MacOSX.sdk/usr/include/_stdio.h:260:1: note: 'gets' has been explicitly marked deprecated here
[2026-03-02 10:30:14] [build-stdout]   260 | __deprecated_msg("This function is provided for compatibility reasons only.  Due to security concerns inherent in the design of gets(3), it is highly recommended that you use fgets(3) instead.")
[2026-03-02 10:30:14] [build-stdout]       | ^
[2026-03-02 10:30:14] [build-stdout] /Library/Developer/CommandLineTools/SDKs/MacOSX.sdk/usr/include/sys/cdefs.h:227:48: note: expanded from macro '__deprecated_msg'
[2026-03-02 10:30:14] [build-stdout]   227 |         #define __deprecated_msg(_msg) __attribute__((__deprecated__(_msg)))
[2026-03-02 10:30:14] [build-stdout]       |                                                       ^
[2026-03-02 10:30:14] [build-stdout] CWE242_Use_of_Inherently_Dangerous_Function__basic_14.c:32:22: warning: 'gets' is deprecated: This function is provided for compatibility reasons only.  Due to security concerns inherent in the design of gets(3), it is highly recommended that you use fgets(3) instead. [-Wdeprecated-declarations]
[2026-03-02 10:30:14] [build-stdout]    32 |             result = gets(dest);
[2026-03-02 10:30:14] [build-stdout]       |                      ^
[2026-03-02 10:30:14] [build-stdout] /Library/Developer/CommandLineTools/SDKs/MacOSX.sdk/usr/include/_stdio.h:260:1: note: 'gets' has been explicitly marked deprecated here
[2026-03-02 10:30:14] [build-stdout]   260 | __deprecated_msg("This function is provided for compatibility reasons only.  Due to security concerns inherent in the design of gets(3), it is highly recommended that you use fgets(3) instead.")
[2026-03-02 10:30:14] [build-stdout]       | ^
[2026-03-02 10:30:14] [build-stdout] /Library/Developer/CommandLineTools/SDKs/MacOSX.sdk/usr/include/sys/cdefs.h:227:48: note: expanded from macro '__deprecated_msg'
[2026-03-02 10:30:14] [build-stdout]   227 |         #define __deprecated_msg(_msg) __attribute__((__deprecated__(_msg)))
[2026-03-02 10:30:14] [build-stdout]       |                                                       ^
[2026-03-02 10:30:14] [build-stdout] 1 warning generated.
[2026-03-02 10:30:14] [build-stdout] CWE242_Use_of_Inherently_Dangerous_Function__basic_15.c:33:18: warning: 'gets' is deprecated: This function is provided for compatibility reasons only.  Due to security concerns inherent in the design of gets(3), it is highly recommended that you use fgets(3) instead. [-Wdeprecated-declarations]
[2026-03-02 10:30:14] [build-stdout]    33 |         result = gets(dest);
[2026-03-02 10:30:14] [build-stdout]       |                  ^
[2026-03-02 10:30:14] [build-stdout] /Library/Developer/CommandLineTools/SDKs/MacOSX.sdk/usr/include/_stdio.h:260:1: note: 'gets' has been explicitly marked deprecated here
[2026-03-02 10:30:14] [build-stdout]   260 | __deprecated_msg("This function is provided for compatibility reasons only.  Due to security concerns inherent in the design of gets(3), it is highly recommended that you use fgets(3) instead.")
[2026-03-02 10:30:14] [build-stdout]       | ^
[2026-03-02 10:30:14] [build-stdout] /Library/Developer/CommandLineTools/SDKs/MacOSX.sdk/usr/include/sys/cdefs.h:227:48: note: expanded from macro '__deprecated_msg'
[2026-03-02 10:30:14] [build-stdout]   227 |         #define __deprecated_msg(_msg) __attribute__((__deprecated__(_msg)))
[2026-03-02 10:30:14] [build-stdout]       |                                                       ^
[2026-03-02 10:30:14] [build-stdout] 1 warning generated.
[2026-03-02 10:30:14] [build-stdout] CWE242_Use_of_Inherently_Dangerous_Function__basic_16.c:32:22: warning: 'gets' is deprecated: This function is provided for compatibility reasons only.  Due to security concerns inherent in the design of gets(3), it is highly recommended that you use fgets(3) instead. [-Wdeprecated-declarations]
[2026-03-02 10:30:14] [build-stdout]    32 |             result = gets(dest);
[2026-03-02 10:30:14] [build-stdout]       |                      ^
[2026-03-02 10:30:14] [build-stdout] /Library/Developer/CommandLineTools/SDKs/MacOSX.sdk/usr/include/_stdio.h:260:1: note: 'gets' has been explicitly marked deprecated here
[2026-03-02 10:30:14] [build-stdout]   260 | __deprecated_msg("This function is provided for compatibility reasons only.  Due to security concerns inherent in the design of gets(3), it is highly recommended that you use fgets(3) instead.")
[2026-03-02 10:30:14] [build-stdout]       | ^
[2026-03-02 10:30:14] [build-stdout] /Library/Developer/CommandLineTools/SDKs/MacOSX.sdk/usr/include/sys/cdefs.h:227:48: note: expanded from macro '__deprecated_msg'
[2026-03-02 10:30:14] [build-stdout]   227 |         #define __deprecated_msg(_msg) __attribute__((__deprecated__(_msg)))
[2026-03-02 10:30:14] [build-stdout]       |                                                       ^
[2026-03-02 10:30:14] [build-stdout] CWE242_Use_of_Inherently_Dangerous_Function__basic_17.c:33:22: warning: 'gets' is deprecated: This function is provided for compatibility reasons only.  Due to security concerns inherent in the design of gets(3), it is highly recommended that you use fgets(3) instead. [-Wdeprecated-declarations]
[2026-03-02 10:30:14] [build-stdout]    33 |             result = gets(dest);
[2026-03-02 10:30:14] [build-stdout]       |                      ^
[2026-03-02 10:30:14] [build-stdout] /Library/Developer/CommandLineTools/SDKs/MacOSX.sdk/usr/include/_stdio.h:260:1: note: 'gets' has been explicitly marked deprecated here
[2026-03-02 10:30:14] [build-stdout]   260 | __deprecated_msg("This function is provided for compatibility reasons only.  Due to security concerns inherent in the design of gets(3), it is highly recommended that you use fgets(3) instead.")
[2026-03-02 10:30:14] [build-stdout]       | ^
[2026-03-02 10:30:14] [build-stdout] /Library/Developer/CommandLineTools/SDKs/MacOSX.sdk/usr/include/sys/cdefs.h:227:48: note: expanded from macro '__deprecated_msg'
[2026-03-02 10:30:14] [build-stdout]   227 |         #define __deprecated_msg(_msg) __attribute__((__deprecated__(_msg)))
[2026-03-02 10:30:14] [build-stdout]       |                                                       ^
[2026-03-02 10:30:14] [build-stdout] 1 warning generated.
[2026-03-02 10:30:14] [build-stdout] 1 warning generated.
[2026-03-02 10:30:14] [build-stdout] 1 warning generated.
[2026-03-02 10:30:14] [build-stdout] CWE242_Use_of_Inherently_Dangerous_Function__basic_18.c:32:18: warning: 'gets' is deprecated: This function is provided for compatibility reasons only.  Due to security concerns inherent in the design of gets(3), it is highly recommended that you use fgets(3) instead. [-Wdeprecated-declarations]
[2026-03-02 10:30:14] [build-stdout]    32 |         result = gets(dest);
[2026-03-02 10:30:14] [build-stdout]       |                  ^
[2026-03-02 10:30:14] [build-stdout] /Library/Developer/CommandLineTools/SDKs/MacOSX.sdk/usr/include/_stdio.h:260:1: note: 'gets' has been explicitly marked deprecated here
[2026-03-02 10:30:14] [build-stdout]   260 | __deprecated_msg("This function is provided for compatibility reasons only.  Due to security concerns inherent in the design of gets(3), it is highly recommended that you use fgets(3) instead.")
[2026-03-02 10:30:14] [build-stdout]       | ^
[2026-03-02 10:30:14] [build-stdout] /Library/Developer/CommandLineTools/SDKs/MacOSX.sdk/usr/include/sys/cdefs.h:227:48: note: expanded from macro '__deprecated_msg'
[2026-03-02 10:30:14] [build-stdout]   227 |         #define __deprecated_msg(_msg) __attribute__((__deprecated__(_msg)))
[2026-03-02 10:30:14] [build-stdout]       |                                                       ^
[2026-03-02 10:30:15] [build-stdout] 1 warning generated.
[2026-03-02 10:30:15] [build-stdout] /usr/bin/gcc -c -I ../../testcasesupport ../../testcasesupport/std_thread.c -o std_thread.o
[2026-03-02 10:30:15] [build-stdout] /usr/bin/g++ -lpthread -lm main_linux.o CWE242_Use_of_Inherently_Dangerous_Function__basic_01.o CWE242_Use_of_Inherently_Dangerous_Function__basic_02.o CWE242_Use_of_Inherently_Dangerous_Function__basic_03.o CWE242_Use_of_Inherently_Dangerous_Function__basic_04.o CWE242_Use_of_Inherently_Dangerous_Function__basic_05.o CWE242_Use_of_Inherently_Dangerous_Function__basic_06.o CWE242_Use_of_Inherently_Dangerous_Function__basic_07.o CWE242_Use_of_Inherently_Dangerous_Function__basic_08.o CWE242_Use_of_Inherently_Dangerous_Function__basic_09.o CWE242_Use_of_Inherently_Dangerous_Function__basic_10.o CWE242_Use_of_Inherently_Dangerous_Function__basic_11.o CWE242_Use_of_Inherently_Dangerous_Function__basic_12.o CWE242_Use_of_Inherently_Dangerous_Function__basic_13.o CWE242_Use_of_Inherently_Dangerous_Function__basic_14.o CWE242_Use_of_Inherently_Dangerous_Function__basic_15.o CWE242_Use_of_Inherently_Dangerous_Function__basic_16.o CWE242_Use_of_Inherently_Dangerous_Function__basic_17.o CWE242_Use_of_Inherently_Dangerous_Function__basic_18.o  io.o std_thread.o -o CWE242
[2026-03-02 10:30:47] [build-stderr] cpp/autobuilder: autobuild summary.
[2026-03-02 10:30:47] Plumbing command codeql database trace-command completed.
[2026-03-02 10:30:47] [PROGRESS] database create> Finalizing database at /Users/afiaasante/Security-Code-Smells/cwe242-db.
[2026-03-02 10:30:47] Running plumbing command: codeql database finalize --threads=1 --no-db-cluster -- /Users/afiaasante/Security-Code-Smells/cwe242-db
[2026-03-02 10:30:47] Using pre-finalize script /Users/afiaasante/codeql/cpp/tools/pre-finalize.sh.
[2026-03-02 10:30:47] [PROGRESS] database finalize> Running pre-finalize script /Users/afiaasante/codeql/cpp/tools/pre-finalize.sh in /Users/afiaasante/Security-Code-Smells/Security-Code-Smells-in-C/benchmark/juliet/testcases/CWE242_Use_of_Inherently_Dangerous_Function.
[2026-03-02 10:30:47] Running plumbing command: codeql database trace-command --working-dir=/Users/afiaasante/Security-Code-Smells/Security-Code-Smells-in-C/benchmark/juliet/testcases/CWE242_Use_of_Inherently_Dangerous_Function --no-tracing --threads=1 -- /Users/afiaasante/Security-Code-Smells/cwe242-db /Users/afiaasante/codeql/cpp/tools/pre-finalize.sh
[2026-03-02 10:30:47] [PROGRESS] database trace-command> Running command in /Users/afiaasante/Security-Code-Smells/Security-Code-Smells-in-C/benchmark/juliet/testcases/CWE242_Use_of_Inherently_Dangerous_Function: [/Users/afiaasante/codeql/cpp/tools/pre-finalize.sh]
[2026-03-02 10:30:48] Plumbing command codeql database trace-command completed.
[2026-03-02 10:30:48] [PROGRESS] database finalize> Pre-finalize script /Users/afiaasante/codeql/cpp/tools/pre-finalize.sh completed in 750 ms.
[2026-03-02 10:30:48] [PROGRESS] database finalize> Running TRAP import for CodeQL database at /Users/afiaasante/Security-Code-Smells/cwe242-db...
[2026-03-02 10:30:48] Running plumbing command: codeql dataset import --dbscheme=/Users/afiaasante/codeql/cpp/semmlecode.cpp.dbscheme --threads=1 -- /Users/afiaasante/Security-Code-Smells/cwe242-db/db-cpp /Users/afiaasante/Security-Code-Smells/cwe242-db/trap/cpp
[2026-03-02 10:30:48] Clearing disk cache since the version file /Users/afiaasante/Security-Code-Smells/cwe242-db/db-cpp/default/cache/version does not exist
[2026-03-02 10:30:48] Tuple pool not found. Clearing relations with cached strings
[2026-03-02 10:30:48] Trimming disk cache at /Users/afiaasante/Security-Code-Smells/cwe242-db/db-cpp/default/cache in mode clear.
[2026-03-02 10:30:48] Sequence stamp origin is -5941204857972473083
[2026-03-02 10:30:48] Pausing evaluation to hard-clear memory at sequence stamp o+0
[2026-03-02 10:30:48] Unpausing evaluation
[2026-03-02 10:30:48] Pausing evaluation to quickly trim disk at sequence stamp o+1
[2026-03-02 10:30:48] Unpausing evaluation
[2026-03-02 10:30:48] Pausing evaluation to zealously trim disk at sequence stamp o+2
[2026-03-02 10:30:48] Unpausing evaluation
[2026-03-02 10:30:48] Trimming completed (2ms): Purged everything.
[2026-03-02 10:30:48] Scanning for files in /Users/afiaasante/Security-Code-Smells/cwe242-db/trap/cpp
[2026-03-02 10:30:48] Found 44 files on disk containing 768 TRAP files (3.24 MiB)
[2026-03-02 10:30:48] [PROGRESS] dataset import> Grouping TRAP files by link target
[2026-03-02 10:30:48] [PROGRESS] dataset import> Grouping unlinked TRAP files together
[2026-03-02 10:30:48] [PROGRESS] dataset import> Scanning TRAP files
[2026-03-02 10:30:48] Scanning CWE242_Use_of_Inherently_Dangerous_Function__basic_01.c.94b41917.trap (CWE242_Use_of_Inherently_Dangerous_Function__basic_01.c.94b41917_0.trap.tar.zst) (1 of 768)
[2026-03-02 10:30:48] Scanning _malloc_type.h.7625ff86.trap (CWE242_Use_of_Inherently_Dangerous_Function__basic_02.c.c053d999_0.trap.tar.zst) (2 of 768)
[2026-03-02 10:30:48] Scanning __stddef_rsize_t.h.388a116b.trap (CWE242_Use_of_Inherently_Dangerous_Function__basic_02.c.c053d999_0.trap.tar.zst) (3 of 768)
[2026-03-02 10:30:48] Scanning __stddef_wchar_t.h.8b72e9f9.trap (CWE242_Use_of_Inherently_Dangerous_Function__basic_02.c.c053d999_0.trap.tar.zst) (4 of 768)
[2026-03-02 10:30:48] Scanning __stddef_null.h.ef3408d8.trap (CWE242_Use_of_Inherently_Dangerous_Function__basic_02.c.c053d999_0.trap.tar.zst) (5 of 768)
[2026-03-02 10:30:48] Scanning _time.h.0d8fdb02.trap (CWE242_Use_of_Inherently_Dangerous_Function__basic_02.c.c053d999_0.trap.tar.zst) (6 of 768)
[2026-03-02 10:30:48] Scanning runetype.h.54c83d6c.trap (CWE242_Use_of_Inherently_Dangerous_Function__basic_02.c.c053d999_0.trap.tar.zst) (7 of 768)
[2026-03-02 10:30:48] Scanning _pthread_rwlock_t.h.5347ed40.trap (CWE242_Use_of_Inherently_Dangerous_Function__basic_02.c.c053d999_0.trap.tar.zst) (8 of 768)
[2026-03-02 10:30:48] Scanning _pthread_rwlockattr_t.h.421da243.trap (CWE242_Use_of_Inherently_Dangerous_Function__basic_02.c.c053d999_0.trap.tar.zst) (9 of 768)
[2026-03-02 10:30:48] Scanning _pthread_t.h.e30dba80.trap (CWE242_Use_of_Inherently_Dangerous_Function__basic_02.c.c053d999_0.trap.tar.zst) (10 of 768)
[2026-03-02 10:30:48] Scanning _pthread_key_t.h.12fa2691.trap (CWE242_Use_of_Inherently_Dangerous_Function__basic_02.c.c053d999_0.trap.tar.zst) (11 of 768)
[2026-03-02 10:30:48] Scanning _fsblkcnt_t.h.bd89ee10.trap (CWE242_Use_of_Inherently_Dangerous_Function__basic_02.c.c053d999_0.trap.tar.zst) (12 of 768)
[2026-03-02 10:30:48] Scanning _fsfilcnt_t.h.3861161e.trap (CWE242_Use_of_Inherently_Dangerous_Function__basic_02.c.c053d999_0.trap.tar.zst) (13 of 768)
[2026-03-02 10:30:48] Scanning types.h.51944a13.trap (CWE242_Use_of_Inherently_Dangerous_Function__basic_02.c.c053d999_0.trap.tar.zst) (14 of 768)
[2026-03-02 10:30:48] Scanning stat.h.6e3292a9.trap (CWE242_Use_of_Inherently_Dangerous_Function__basic_02.c.c053d999_0.trap.tar.zst) (15 of 768)
[2026-03-02 10:30:48] Scanning std_testcase.h.1ec5a6b1.trap (CWE242_Use_of_Inherently_Dangerous_Function__basic_02.c.c053d999_0.trap.tar.zst) (16 of 768)
[2026-03-02 10:30:48] Scanning CWE242_Use_of_Inherently_Dangerous_Function__basic_02.c.c053d999.trap (CWE242_Use_of_Inherently_Dangerous_Function__basic_02.c.c053d999_0.trap.tar.zst) (17 of 768)
[2026-03-02 10:30:48] Scanning cpp_predefined.acb19af8.trap (CWE242_Use_of_Inherently_Dangerous_Function__basic_03.c.f54e203f_0.trap.tar.zst) (18 of 768)
[2026-03-02 10:30:48] Scanning _symbol_aliasing.h.d9d253f2.trap (CWE242_Use_of_Inherently_Dangerous_Function__basic_03.c.f54e203f_0.trap.tar.zst) (19 of 768)
[2026-03-02 10:30:48] Scanning _posix_availability.h.83cf0b80.trap (CWE242_Use_of_Inherently_Dangerous_Function__basic_03.c.f54e203f_0.trap.tar.zst) (20 of 768)
[2026-03-02 10:30:48] Scanning ptrcheck.h.a1c97dda.trap (CWE242_Use_of_Inherently_Dangerous_Function__basic_03.c.f54e203f_0.trap.tar.zst) (21 of 768)
[2026-03-02 10:30:48] Scanning cdefs.h.ef3e999e.trap (CWE242_Use_of_Inherently_Dangerous_Function__basic_03.c.f54e203f_0.trap.tar.zst) (22 of 768)
[2026-03-02 10:30:48] Scanning _bounds.h.7a0e5efe.trap (CWE242_Use_of_Inherently_Dangerous_Function__basic_03.c.f54e203f_0.trap.tar.zst) (23 of 768)
[2026-03-02 10:30:48] Scanning AvailabilityVersions.h.28d953f5.trap (CWE242_Use_of_Inherently_Dangerous_Function__basic_03.c.f54e203f_0.trap.tar.zst) (24 of 768)
[2026-03-02 10:30:48] Scanning AvailabilityVersions.h.5cc0fd52.trap (CWE242_Use_of_Inherently_Dangerous_Function__basic_03.c.f54e203f_0.trap.tar.zst) (25 of 768)
[2026-03-02 10:30:48] Scanning AvailabilityInternal.h.f36db0c1.trap (CWE242_Use_of_Inherently_Dangerous_Function__basic_03.c.f54e203f_0.trap.tar.zst) (26 of 768)
[2026-03-02 10:30:48] Scanning AvailabilityInternal.h.8cc88ba2.trap (CWE242_Use_of_Inherently_Dangerous_Function__basic_03.c.f54e203f_0.trap.tar.zst) (27 of 768)
[2026-03-02 10:30:48] Scanning Availability.h.b547e373.trap (CWE242_Use_of_Inherently_Dangerous_Function__basic_03.c.f54e203f_0.trap.tar.zst) (28 of 768)
[2026-03-02 10:30:48] Scanning _types.h.b6ce8861.trap (CWE242_Use_of_Inherently_Dangerous_Function__basic_03.c.f54e203f_0.trap.tar.zst) (29 of 768)
[2026-03-02 10:30:48] Scanning _types.h.c0db0ca0.trap (CWE242_Use_of_Inherently_Dangerous_Function__basic_03.c.f54e203f_0.trap.tar.zst) (30 of 768)
[2026-03-02 10:30:48] Scanning _pthread_types.h.cafa7f1d.trap (CWE242_Use_of_Inherently_Dangerous_Function__basic_03.c.f54e203f_0.trap.tar.zst) (31 of 768)
[2026-03-02 10:30:48] Scanning _types.h.f9770692.trap (CWE242_Use_of_Inherently_Dangerous_Function__basic_03.c.f54e203f_0.trap.tar.zst) (32 of 768)
[2026-03-02 10:30:48] Scanning _types.h.25fd50ec.trap (CWE242_Use_of_Inherently_Dangerous_Function__basic_03.c.f54e203f_0.trap.tar.zst) (33 of 768)
[2026-03-02 10:30:48] Scanning _int8_t.h.f29290cb.trap (CWE242_Use_of_Inherently_Dangerous_Function__basic_03.c.f54e203f_0.trap.tar.zst) (34 of 768)
[2026-03-02 10:30:48] Scanning Availability.h.10c74a99.trap (CWE242_Use_of_Inherently_Dangerous_Function__basic_03.c.f54e203f_0.trap.tar.zst) (35 of 768)
[2026-03-02 10:30:48] Scanning _ssize_t.h.b2b8b5c7.trap (CWE242_Use_of_Inherently_Dangerous_Function__basic_03.c.f54e203f_0.trap.tar.zst) (36 of 768)
[2026-03-02 10:30:48] Scanning _common.h.51c8a9f3.trap (CWE242_Use_of_Inherently_Dangerous_Function__basic_03.c.f54e203f_0.trap.tar.zst) (37 of 768)
[2026-03-02 10:30:48] Scanning _stdio.h.98770257.trap (CWE242_Use_of_Inherently_Dangerous_Function__basic_03.c.f54e203f_0.trap.tar.zst) (38 of 768)
[2026-03-02 10:30:48] Scanning _stdio.h.7e8d8bd9.trap (CWE242_Use_of_Inherently_Dangerous_Function__basic_03.c.f54e203f_0.trap.tar.zst) (39 of 768)
[2026-03-02 10:30:48] Scanning _structs.h.7f3332f8.trap (CWE242_Use_of_Inherently_Dangerous_Function__basic_03.c.f54e203f_0.trap.tar.zst) (40 of 768)
[2026-03-02 10:30:49] Scanning _mcontext.h.e82cb3fb.trap (CWE242_Use_of_Inherently_Dangerous_Function__basic_03.c.f54e203f_0.trap.tar.zst) (41 of 768)
[2026-03-02 10:30:49] Scanning _ucontext.h.72157942.trap (CWE242_Use_of_Inherently_Dangerous_Function__basic_03.c.f54e203f_0.trap.tar.zst) (42 of 768)
[2026-03-02 10:30:49] Scanning _sigset_t.h.eacb6a8b.trap (CWE242_Use_of_Inherently_Dangerous_Function__basic_03.c.f54e203f_0.trap.tar.zst) (43 of 768)
[2026-03-02 10:30:49] Scanning stdint.h.0c894f22.trap (CWE242_Use_of_Inherently_Dangerous_Function__basic_03.c.f54e203f_0.trap.tar.zst) (44 of 768)
[2026-03-02 10:30:49] Scanning _OSByteOrder.h.0be791a7.trap (CWE242_Use_of_Inherently_Dangerous_Function__basic_03.c.f54e203f_0.trap.tar.zst) (45 of 768)
[2026-03-02 10:30:49] Scanning _OSByteOrder.h.6c99cd81.trap (CWE242_Use_of_Inherently_Dangerous_Function__basic_03.c.f54e203f_0.trap.tar.zst) (46 of 768)
[2026-03-02 10:30:49] Scanning _endian.h.36150309.trap (CWE242_Use_of_Inherently_Dangerous_Function__basic_03.c.f54e203f_0.trap.tar.zst) (47 of 768)
[2026-03-02 10:30:49] Scanning endian.h.194ffb87.trap (CWE242_Use_of_Inherently_Dangerous_Function__basic_03.c.f54e203f_0.trap.tar.zst) (48 of 768)
[2026-03-02 10:30:49] Scanning endian.h.a419ac90.trap (CWE242_Use_of_Inherently_Dangerous_Function__basic_03.c.f54e203f_0.trap.tar.zst) (49 of 768)
[2026-03-02 10:30:49] Scanning wait.h.0d16c204.trap (CWE242_Use_of_Inherently_Dangerous_Function__basic_03.c.f54e203f_0.trap.tar.zst) (50 of 768)
[2026-03-02 10:30:49] Scanning alloca.h.ed4259d0.trap (CWE242_Use_of_Inherently_Dangerous_Function__basic_03.c.f54e203f_0.trap.tar.zst) (51 of 768)
[2026-03-02 10:30:49] Scanning _ct_rune_t.h.d4a9d117.trap (CWE242_Use_of_Inherently_Dangerous_Function__basic_03.c.f54e203f_0.trap.tar.zst) (52 of 768)
[2026-03-02 10:30:49] Scanning _rune_t.h.33d8e00c.trap (CWE242_Use_of_Inherently_Dangerous_Function__basic_03.c.f54e203f_0.trap.tar.zst) (53 of 768)
[2026-03-02 10:30:49] Scanning _wchar_t.h.2ef5ff0c.trap (CWE242_Use_of_Inherently_Dangerous_Function__basic_03.c.f54e203f_0.trap.tar.zst) (54 of 768)
[2026-03-02 10:30:49] Scanning _null.h.8a1ef000.trap (CWE242_Use_of_Inherently_Dangerous_Function__basic_03.c.f54e203f_0.trap.tar.zst) (55 of 768)
[2026-03-02 10:30:49] Scanning _s_ifmt.h.c1bb95be.trap (CWE242_Use_of_Inherently_Dangerous_Function__basic_03.c.f54e203f_0.trap.tar.zst) (56 of 768)
[2026-03-02 10:30:49] Scanning _filesec_t.h.4d68e279.trap (CWE242_Use_of_Inherently_Dangerous_Function__basic_03.c.f54e203f_0.trap.tar.zst) (57 of 768)
[2026-03-02 10:30:49] Scanning fcntl.h.3562ee8c.trap (CWE242_Use_of_Inherently_Dangerous_Function__basic_03.c.f54e203f_0.trap.tar.zst) (58 of 768)
[2026-03-02 10:30:49] Scanning fcntl.h.cb9076de.trap (CWE242_Use_of_Inherently_Dangerous_Function__basic_03.c.f54e203f_0.trap.tar.zst) (59 of 768)
[2026-03-02 10:30:49] Scanning _blkcnt_t.h.34a194d3.trap (CWE242_Use_of_Inherently_Dangerous_Function__basic_03.c.f54e203f_0.trap.tar.zst) (60 of 768)
[2026-03-02 10:30:49] Scanning _ino64_t.h.e439a07c.trap (CWE242_Use_of_Inherently_Dangerous_Function__basic_03.c.f54e203f_0.trap.tar.zst) (61 of 768)
[2026-03-02 10:30:49] Scanning _key_t.h.b406b369.trap (CWE242_Use_of_Inherently_Dangerous_Function__basic_03.c.f54e203f_0.trap.tar.zst) (62 of 768)
[2026-03-02 10:30:49] Scanning _nlink_t.h.3cfb0507.trap (CWE242_Use_of_Inherently_Dangerous_Function__basic_03.c.f54e203f_0.trap.tar.zst) (63 of 768)
[2026-03-02 10:30:49] Scanning _useconds_t.h.81277de3.trap (CWE242_Use_of_Inherently_Dangerous_Function__basic_03.c.f54e203f_0.trap.tar.zst) (64 of 768)
[2026-03-02 10:30:49] Scanning _suseconds_t.h.2a3680e0.trap (CWE242_Use_of_Inherently_Dangerous_Function__basic_03.c.f54e203f_0.trap.tar.zst) (65 of 768)
[2026-03-02 10:30:49] Scanning _fd_def.h.2c3d4d20.trap (CWE242_Use_of_Inherently_Dangerous_Function__basic_03.c.f54e203f_0.trap.tar.zst) (66 of 768)
[2026-03-02 10:30:49] Scanning _fd_setsize.h.0ba77704.trap (CWE242_Use_of_Inherently_Dangerous_Function__basic_03.c.f54e203f_0.trap.tar.zst) (67 of 768)
[2026-03-02 10:30:49] Scanning _fd_set.h.0ba77704.trap (CWE242_Use_of_Inherently_Dangerous_Function__basic_03.c.f54e203f_0.trap.tar.zst) (68 of 768)
[2026-03-02 10:30:49] Scanning _fd_clr.h.0ba77704.trap (CWE242_Use_of_Inherently_Dangerous_Function__basic_03.c.f54e203f_0.trap.tar.zst) (69 of 768)
[2026-03-02 10:30:49] Scanning _fd_zero.h.0ba77704.trap (CWE242_Use_of_Inherently_Dangerous_Function__basic_03.c.f54e203f_0.trap.tar.zst) (70 of 768)
[2026-03-02 10:30:49] Scanning _fd_isset.h.0ba77704.trap (CWE242_Use_of_Inherently_Dangerous_Function__basic_03.c.f54e203f_0.trap.tar.zst) (71 of 768)
[2026-03-02 10:30:49] Scanning _fd_copy.h.0ba77704.trap (CWE242_Use_of_Inherently_Dangerous_Function__basic_03.c.f54e203f_0.trap.tar.zst) (72 of 768)
[2026-03-02 10:30:49] Scanning _pthread_cond_t.h.d9d5b959.trap (CWE242_Use_of_Inherently_Dangerous_Function__basic_03.c.f54e203f_0.trap.tar.zst) (73 of 768)
[2026-03-02 10:30:49] Scanning _pthread_condattr_t.h.fea5e9df.trap (CWE242_Use_of_Inherently_Dangerous_Function__basic_03.c.f54e203f_0.trap.tar.zst) (74 of 768)
[2026-03-02 10:30:49] Scanning _pthread_mutex_t.h.4c0dfbfa.trap (CWE242_Use_of_Inherently_Dangerous_Function__basic_03.c.f54e203f_0.trap.tar.zst) (75 of 768)
[2026-03-02 10:30:49] Scanning _pthread_mutexattr_t.h.ab33f553.trap (CWE242_Use_of_Inherently_Dangerous_Function__basic_03.c.f54e203f_0.trap.tar.zst) (76 of 768)
[2026-03-02 10:30:49] Scanning _pthread_once_t.h.a3a91493.trap (CWE242_Use_of_Inherently_Dangerous_Function__basic_03.c.f54e203f_0.trap.tar.zst) (77 of 768)
[2026-03-02 10:30:49] Scanning CWE242_Use_of_Inherently_Dangerous_Function__basic_03.c.f54e203f.trap (CWE242_Use_of_Inherently_Dangerous_Function__basic_03.c.f54e203f_0.trap.tar.zst) (78 of 768)
[2026-03-02 10:30:49] Scanning stdio.h.c620d3e2.trap (CWE242_Use_of_Inherently_Dangerous_Function__basic_04.c.b3e2155a_0.trap.tar.zst) (79 of 768)
[2026-03-02 10:30:49] Scanning _printf.h.08040026.trap (CWE242_Use_of_Inherently_Dangerous_Function__basic_04.c.b3e2155a_0.trap.tar.zst) (80 of 768)
[2026-03-02 10:30:49] Scanning _seek_set.h.8f458fe3.trap (CWE242_Use_of_Inherently_Dangerous_Function__basic_04.c.b3e2155a_0.trap.tar.zst) (81 of 768)
[2026-03-02 10:30:49] Scanning _ctermid.h.cc0bda1d.trap (CWE242_Use_of_Inherently_Dangerous_Function__basic_04.c.b3e2155a_0.trap.tar.zst) (82 of 768)
[2026-03-02 10:30:49] Scanning _off_t.h.5d57ac30.trap (CWE242_Use_of_Inherently_Dangerous_Function__basic_04.c.b3e2155a_0.trap.tar.zst) (83 of 768)
[2026-03-02 10:30:49] Scanning stdio.h.e1ff7027.trap (CWE242_Use_of_Inherently_Dangerous_Function__basic_04.c.b3e2155a_0.trap.tar.zst) (84 of 768)
[2026-03-02 10:30:49] Scanning _id_t.h.0e72c00a.trap (CWE242_Use_of_Inherently_Dangerous_Function__basic_04.c.b3e2155a_0.trap.tar.zst) (85 of 768)
[2026-03-02 10:30:49] Scanning appleapiopts.h.dc9b13cc.trap (CWE242_Use_of_Inherently_Dangerous_Function__basic_04.c.b3e2155a_0.trap.tar.zst) (86 of 768)
[2026-03-02 10:30:49] Scanning _structs.h.882e747d.trap (CWE242_Use_of_Inherently_Dangerous_Function__basic_04.c.b3e2155a_0.trap.tar.zst) (87 of 768)
[2026-03-02 10:30:49] Scanning _mcontext.h.2841d5e4.trap (CWE242_Use_of_Inherently_Dangerous_Function__basic_04.c.b3e2155a_0.trap.tar.zst) (88 of 768)
[2026-03-02 10:30:49] Scanning _pthread_attr_t.h.eb92b113.trap (CWE242_Use_of_Inherently_Dangerous_Function__basic_04.c.b3e2155a_0.trap.tar.zst) (89 of 768)
[2026-03-02 10:30:49] Scanning _sigaltstack.h.de56a9af.trap (CWE242_Use_of_Inherently_Dangerous_Function__basic_04.c.b3e2155a_0.trap.tar.zst) (90 of 768)
[2026-03-02 10:30:49] Scanning _malloc.h.e5ad2345.trap (CWE242_Use_of_Inherently_Dangerous_Function__basic_04.c.b3e2155a_0.trap.tar.zst) (91 of 768)
[2026-03-02 10:30:49] Scanning _abort.h.716aa402.trap (CWE242_Use_of_Inherently_Dangerous_Function__basic_04.c.b3e2155a_0.trap.tar.zst) (92 of 768)
[2026-03-02 10:30:49] Scanning _dev_t.h.91a2e6a4.trap (CWE242_Use_of_Inherently_Dangerous_Function__basic_04.c.b3e2155a_0.trap.tar.zst) (93 of 768)
[2026-03-02 10:30:49] Scanning _mode_t.h.0d676e3d.trap (CWE242_Use_of_Inherently_Dangerous_Function__basic_04.c.b3e2155a_0.trap.tar.zst) (94 of 768)
[2026-03-02 10:30:49] Scanning _stdlib.h.5fcdc4cc.trap (CWE242_Use_of_Inherently_Dangerous_Function__basic_04.c.b3e2155a_0.trap.tar.zst) (95 of 768)
[2026-03-02 10:30:49] Scanning stdlib.h.8c6deea4.trap (CWE242_Use_of_Inherently_Dangerous_Function__basic_04.c.b3e2155a_0.trap.tar.zst) (96 of 768)
[2026-03-02 10:30:49] Scanning __stddef_header_macro.h.bfeb891a.trap (CWE242_Use_of_Inherently_Dangerous_Function__basic_04.c.b3e2155a_0.trap.tar.zst) (97 of 768)
[2026-03-02 10:30:49] Scanning __stddef_ptrdiff_t.h.393a45df.trap (CWE242_Use_of_Inherently_Dangerous_Function__basic_04.c.b3e2155a_0.trap.tar.zst) (98 of 768)
[2026-03-02 10:30:49] Scanning __stddef_size_t.h.644c5b02.trap (CWE242_Use_of_Inherently_Dangerous_Function__basic_04.c.b3e2155a_0.trap.tar.zst) (99 of 768)
[2026-03-02 10:30:49] Scanning __stddef_max_align_t.h.8cba3490.trap (CWE242_Use_of_Inherently_Dangerous_Function__basic_04.c.b3e2155a_0.trap.tar.zst) (100 of 768)
[2026-03-02 10:30:49] Scanning __stddef_offsetof.h.a6d336d4.trap (CWE242_Use_of_Inherently_Dangerous_Function__basic_04.c.b3e2155a_0.trap.tar.zst) (101 of 768)
[2026-03-02 10:30:49] Scanning stddef.h.98193b10.trap (CWE242_Use_of_Inherently_Dangerous_Function__basic_04.c.b3e2155a_0.trap.tar.zst) (102 of 768)
[2026-03-02 10:30:49] Scanning _clock_t.h.79a09205.trap (CWE242_Use_of_Inherently_Dangerous_Function__basic_04.c.b3e2155a_0.trap.tar.zst) (103 of 768)
[2026-03-02 10:30:49] Scanning _null.h.392d1f38.trap (CWE242_Use_of_Inherently_Dangerous_Function__basic_04.c.b3e2155a_0.trap.tar.zst) (104 of 768)
[2026-03-02 10:30:49] Scanning _time_t.h.9cd704bb.trap (CWE242_Use_of_Inherently_Dangerous_Function__basic_04.c.b3e2155a_0.trap.tar.zst) (105 of 768)
[2026-03-02 10:30:49] Scanning _timespec.h.b07a1631.trap (CWE242_Use_of_Inherently_Dangerous_Function__basic_04.c.b3e2155a_0.trap.tar.zst) (106 of 768)
[2026-03-02 10:30:49] Scanning time.h.f63ebdcc.trap (CWE242_Use_of_Inherently_Dangerous_Function__basic_04.c.b3e2155a_0.trap.tar.zst) (107 of 768)
[2026-03-02 10:30:49] Scanning _limits.h.040e87ae.trap (CWE242_Use_of_Inherently_Dangerous_Function__basic_04.c.b3e2155a_0.trap.tar.zst) (108 of 768)
[2026-03-02 10:30:49] Scanning CWE242_Use_of_Inherently_Dangerous_Function__basic_04.c.b3e2155a.trap (CWE242_Use_of_Inherently_Dangerous_Function__basic_04.c.b3e2155a_0.trap.tar.zst) (109 of 768)
[2026-03-02 10:30:49] Scanning limits.h.3f2ee4ee.trap (CWE242_Use_of_Inherently_Dangerous_Function__basic_05.c.f3dc2415_0.trap.tar.zst) (110 of 768)
[2026-03-02 10:30:49] Scanning limits.h.baa4916f.trap (CWE242_Use_of_Inherently_Dangerous_Function__basic_05.c.f3dc2415_0.trap.tar.zst) (111 of 768)
[2026-03-02 10:30:49] Scanning syslimits.h.b93b36cf.trap (CWE242_Use_of_Inherently_Dangerous_Function__basic_05.c.f3dc2415_0.trap.tar.zst) (112 of 768)
[2026-03-02 10:30:49] Scanning limits.h.4929ee85.trap (CWE242_Use_of_Inherently_Dangerous_Function__basic_05.c.f3dc2415_0.trap.tar.zst) (113 of 768)
[2026-03-02 10:30:49] Scanning limits.h.81b82e8b.trap (CWE242_Use_of_Inherently_Dangerous_Function__basic_05.c.f3dc2415_0.trap.tar.zst) (114 of 768)
[2026-03-02 10:30:49] Scanning _rsize_t.h.7cbeabea.trap (CWE242_Use_of_Inherently_Dangerous_Function__basic_05.c.f3dc2415_0.trap.tar.zst) (115 of 768)
[2026-03-02 10:30:49] Scanning _errno_t.h.fbe65fbd.trap (CWE242_Use_of_Inherently_Dangerous_Function__basic_05.c.f3dc2415_0.trap.tar.zst) (116 of 768)
[2026-03-02 10:30:49] Scanning _strings.h.4ecb88ba.trap (CWE242_Use_of_Inherently_Dangerous_Function__basic_05.c.f3dc2415_0.trap.tar.zst) (117 of 768)
[2026-03-02 10:30:49] Scanning _strings.h.62fe348b.trap (CWE242_Use_of_Inherently_Dangerous_Function__basic_05.c.f3dc2415_0.trap.tar.zst) (118 of 768)
[2026-03-02 10:30:49] Scanning _string.h.ef9cbddf.trap (CWE242_Use_of_Inherently_Dangerous_Function__basic_05.c.f3dc2415_0.trap.tar.zst) (119 of 768)
[2026-03-02 10:30:49] Scanning _string.h.76dc15a9.trap (CWE242_Use_of_Inherently_Dangerous_Function__basic_05.c.f3dc2415_0.trap.tar.zst) (120 of 768)
[2026-03-02 10:30:49] Scanning string.h.01528883.trap (CWE242_Use_of_Inherently_Dangerous_Function__basic_05.c.f3dc2415_0.trap.tar.zst) (121 of 768)
[2026-03-02 10:30:49] Scanning _wchar_t.h.fcfbe942.trap (CWE242_Use_of_Inherently_Dangerous_Function__basic_05.c.f3dc2415_0.trap.tar.zst) (122 of 768)
[2026-03-02 10:30:49] Scanning _wint_t.h.545b4fc3.trap (CWE242_Use_of_Inherently_Dangerous_Function__basic_05.c.f3dc2415_0.trap.tar.zst) (123 of 768)
[2026-03-02 10:30:49] Scanning _ctype.h.702dff4b.trap (CWE242_Use_of_Inherently_Dangerous_Function__basic_05.c.f3dc2415_0.trap.tar.zst) (124 of 768)
[2026-03-02 10:30:49] Scanning ctype.h.2e9870e5.trap (CWE242_Use_of_Inherently_Dangerous_Function__basic_05.c.f3dc2415_0.trap.tar.zst) (125 of 768)
[2026-03-02 10:30:49] Scanning _o_sync.h.bfeb891a.trap (CWE242_Use_of_Inherently_Dangerous_Function__basic_05.c.f3dc2415_0.trap.tar.zst) (126 of 768)
[2026-03-02 10:30:49] Scanning _o_dsync.h.bfeb891a.trap (CWE242_Use_of_Inherently_Dangerous_Function__basic_05.c.f3dc2415_0.trap.tar.zst) (127 of 768)
[2026-03-02 10:30:49] Scanning _u_char.h.5afe3e69.trap (CWE242_Use_of_Inherently_Dangerous_Function__basic_05.c.f3dc2415_0.trap.tar.zst) (128 of 768)
[2026-03-02 10:30:49] Scanning _u_short.h.df94b703.trap (CWE242_Use_of_Inherently_Dangerous_Function__basic_05.c.f3dc2415_0.trap.tar.zst) (129 of 768)
[2026-03-02 10:30:49] Scanning _u_int.h.22f18ecb.trap (CWE242_Use_of_Inherently_Dangerous_Function__basic_05.c.f3dc2415_0.trap.tar.zst) (130 of 768)
[2026-03-02 10:30:49] Scanning _caddr_t.h.017e0aa4.trap (CWE242_Use_of_Inherently_Dangerous_Function__basic_05.c.f3dc2415_0.trap.tar.zst) (131 of 768)
[2026-03-02 10:30:49] Scanning _blksize_t.h.0fdacbb3.trap (CWE242_Use_of_Inherently_Dangerous_Function__basic_05.c.f3dc2415_0.trap.tar.zst) (132 of 768)
[2026-03-02 10:30:49] Scanning _gid_t.h.e5a55687.trap (CWE242_Use_of_Inherently_Dangerous_Function__basic_05.c.f3dc2415_0.trap.tar.zst) (133 of 768)
[2026-03-02 10:30:49] Scanning _in_addr_t.h.098eb604.trap (CWE242_Use_of_Inherently_Dangerous_Function__basic_05.c.f3dc2415_0.trap.tar.zst) (134 of 768)
[2026-03-02 10:30:49] Scanning _in_port_t.h.9df8ecfa.trap (CWE242_Use_of_Inherently_Dangerous_Function__basic_05.c.f3dc2415_0.trap.tar.zst) (135 of 768)
[2026-03-02 10:30:49] Scanning _ino_t.h.af02d81d.trap (CWE242_Use_of_Inherently_Dangerous_Function__basic_05.c.f3dc2415_0.trap.tar.zst) (136 of 768)
[2026-03-02 10:30:49] Scanning std_testcase.h.d8ab3c5a.trap (CWE242_Use_of_Inherently_Dangerous_Function__basic_05.c.f3dc2415_0.trap.tar.zst) (137 of 768)
[2026-03-02 10:30:49] Scanning std_testcase_io.h.f446cf84.trap (CWE242_Use_of_Inherently_Dangerous_Function__basic_05.c.f3dc2415_0.trap.tar.zst) (138 of 768)
[2026-03-02 10:30:49] Scanning CWE242_Use_of_Inherently_Dangerous_Function__basic_05.c.f3dc2415.trap (CWE242_Use_of_Inherently_Dangerous_Function__basic_05.c.f3dc2415_0.trap.tar.zst) (139 of 768)
[2026-03-02 10:30:49] Scanning CWE242_Use_of_Inherently_Dangerous_Function__basic_06.c.af7bc7fd.trap (CWE242_Use_of_Inherently_Dangerous_Function__basic_06.c.af7bc7fd_0.trap.tar.zst) (140 of 768)
[2026-03-02 10:30:49] Scanning AvailabilityInternalLegacy.h.fa3e215b.trap (CWE242_Use_of_Inherently_Dangerous_Function__basic_07.c.0ea91caa_0.trap.tar.zst) (141 of 768)
[2026-03-02 10:30:49] Scanning _int16_t.h.0efc7dab.trap (CWE242_Use_of_Inherently_Dangerous_Function__basic_07.c.0ea91caa_0.trap.tar.zst) (142 of 768)
[2026-03-02 10:30:49] Scanning _int32_t.h.6962392d.trap (CWE242_Use_of_Inherently_Dangerous_Function__basic_07.c.0ea91caa_0.trap.tar.zst) (143 of 768)
[2026-03-02 10:30:49] Scanning _int64_t.h.536f90e3.trap (CWE242_Use_of_Inherently_Dangerous_Function__basic_07.c.0ea91caa_0.trap.tar.zst) (144 of 768)
[2026-03-02 10:30:49] Scanning _u_int8_t.h.552cf7b4.trap (CWE242_Use_of_Inherently_Dangerous_Function__basic_07.c.0ea91caa_0.trap.tar.zst) (145 of 768)
[2026-03-02 10:30:49] Scanning _u_int16_t.h.253a9b79.trap (CWE242_Use_of_Inherently_Dangerous_Function__basic_07.c.0ea91caa_0.trap.tar.zst) (146 of 768)
[2026-03-02 10:30:49] Scanning _u_int32_t.h.3c64ebfb.trap (CWE242_Use_of_Inherently_Dangerous_Function__basic_07.c.0ea91caa_0.trap.tar.zst) (147 of 768)
[2026-03-02 10:30:49] Scanning _u_int64_t.h.cbd81c97.trap (CWE242_Use_of_Inherently_Dangerous_Function__basic_07.c.0ea91caa_0.trap.tar.zst) (148 of 768)
[2026-03-02 10:30:49] Scanning _intptr_t.h.084ef71f.trap (CWE242_Use_of_Inherently_Dangerous_Function__basic_07.c.0ea91caa_0.trap.tar.zst) (149 of 768)
[2026-03-02 10:30:49] Scanning _uintptr_t.h.645528a4.trap (CWE242_Use_of_Inherently_Dangerous_Function__basic_07.c.0ea91caa_0.trap.tar.zst) (150 of 768)
[2026-03-02 10:30:49] Scanning types.h.30d77e47.trap (CWE242_Use_of_Inherently_Dangerous_Function__basic_07.c.0ea91caa_0.trap.tar.zst) (151 of 768)
[2026-03-02 10:30:49] Scanning types.h.aff8b8e3.trap (CWE242_Use_of_Inherently_Dangerous_Function__basic_07.c.0ea91caa_0.trap.tar.zst) (152 of 768)
[2026-03-02 10:30:49] Scanning _va_list.h.425ee346.trap (CWE242_Use_of_Inherently_Dangerous_Function__basic_07.c.0ea91caa_0.trap.tar.zst) (153 of 768)
[2026-03-02 10:30:49] Scanning _size_t.h.b5488757.trap (CWE242_Use_of_Inherently_Dangerous_Function__basic_07.c.0ea91caa_0.trap.tar.zst) (154 of 768)
[2026-03-02 10:30:49] Scanning _null.h.97dc1131.trap (CWE242_Use_of_Inherently_Dangerous_Function__basic_07.c.0ea91caa_0.trap.tar.zst) (155 of 768)
[2026-03-02 10:30:49] Scanning _pid_t.h.6a3a6049.trap (CWE242_Use_of_Inherently_Dangerous_Function__basic_07.c.0ea91caa_0.trap.tar.zst) (156 of 768)
[2026-03-02 10:30:49] Scanning signal.h.4c43299e.trap (CWE242_Use_of_Inherently_Dangerous_Function__basic_07.c.0ea91caa_0.trap.tar.zst) (157 of 768)
[2026-03-02 10:30:49] Scanning signal.h.508efcc4.trap (CWE242_Use_of_Inherently_Dangerous_Function__basic_07.c.0ea91caa_0.trap.tar.zst) (158 of 768)
[2026-03-02 10:30:49] Scanning _size_t.h.bfdf2729.trap (CWE242_Use_of_Inherently_Dangerous_Function__basic_07.c.0ea91caa_0.trap.tar.zst) (159 of 768)
[2026-03-02 10:30:49] Scanning _uid_t.h.cfda2aba.trap (CWE242_Use_of_Inherently_Dangerous_Function__basic_07.c.0ea91caa_0.trap.tar.zst) (160 of 768)
[2026-03-02 10:30:49] Scanning signal.h.17b6879f.trap (CWE242_Use_of_Inherently_Dangerous_Function__basic_07.c.0ea91caa_0.trap.tar.zst) (161 of 768)
[2026-03-02 10:30:49] Scanning _uint8_t.h.b56d0bf4.trap (CWE242_Use_of_Inherently_Dangerous_Function__basic_07.c.0ea91caa_0.trap.tar.zst) (162 of 768)
[2026-03-02 10:30:49] Scanning _uint16_t.h.95cc6274.trap (CWE242_Use_of_Inherently_Dangerous_Function__basic_07.c.0ea91caa_0.trap.tar.zst) (163 of 768)
[2026-03-02 10:30:49] Scanning _uint32_t.h.dc2517bb.trap (CWE242_Use_of_Inherently_Dangerous_Function__basic_07.c.0ea91caa_0.trap.tar.zst) (164 of 768)
[2026-03-02 10:30:49] Scanning _uint64_t.h.c60cbcd5.trap (CWE242_Use_of_Inherently_Dangerous_Function__basic_07.c.0ea91caa_0.trap.tar.zst) (165 of 768)
[2026-03-02 10:30:49] Scanning _intmax_t.h.6c1a2871.trap (CWE242_Use_of_Inherently_Dangerous_Function__basic_07.c.0ea91caa_0.trap.tar.zst) (166 of 768)
[2026-03-02 10:30:49] Scanning _uintmax_t.h.e72b0804.trap (CWE242_Use_of_Inherently_Dangerous_Function__basic_07.c.0ea91caa_0.trap.tar.zst) (167 of 768)
[2026-03-02 10:30:49] Scanning stdint.h.35be2827.trap (CWE242_Use_of_Inherently_Dangerous_Function__basic_07.c.0ea91caa_0.trap.tar.zst) (168 of 768)
[2026-03-02 10:30:49] Scanning _timeval.h.4a963ad8.trap (CWE242_Use_of_Inherently_Dangerous_Function__basic_07.c.0ea91caa_0.trap.tar.zst) (169 of 768)
[2026-03-02 10:30:49] Scanning resource.h.ac60c7fa.trap (CWE242_Use_of_Inherently_Dangerous_Function__basic_07.c.0ea91caa_0.trap.tar.zst) (170 of 768)
[2026-03-02 10:30:49] Scanning __endian.h.957c713d.trap (CWE242_Use_of_Inherently_Dangerous_Function__basic_07.c.0ea91caa_0.trap.tar.zst) (171 of 768)
[2026-03-02 10:30:49] Scanning _endian.h.87dc7cfd.trap (CWE242_Use_of_Inherently_Dangerous_Function__basic_07.c.0ea91caa_0.trap.tar.zst) (172 of 768)
[2026-03-02 10:30:49] Scanning _endian.h.fbe534f3.trap (CWE242_Use_of_Inherently_Dangerous_Function__basic_07.c.0ea91caa_0.trap.tar.zst) (173 of 768)
[2026-03-02 10:30:49] Scanning _ptrcheck.h.95bbea47.trap (CWE242_Use_of_Inherently_Dangerous_Function__basic_07.c.0ea91caa_0.trap.tar.zst) (174 of 768)
[2026-03-02 10:30:49] Scanning CWE242_Use_of_Inherently_Dangerous_Function__basic_07.c.0ea91caa.trap (CWE242_Use_of_Inherently_Dangerous_Function__basic_07.c.0ea91caa_0.trap.tar.zst) (175 of 768)
[2026-03-02 10:30:49] Scanning CWE242_Use_of_Inherently_Dangerous_Function__basic_08.c.a60584ac.trap (CWE242_Use_of_Inherently_Dangerous_Function__basic_08.c.a60584ac_0.trap.tar.zst) (176 of 768)
[2026-03-02 10:30:49] Scanning CWE242_Use_of_Inherently_Dangerous_Function__basic_09.c.cd34cd69.trap (CWE242_Use_of_Inherently_Dangerous_Function__basic_09.c.cd34cd69_0.trap.tar.zst) (177 of 768)
[2026-03-02 10:30:49] Scanning CWE242_Use_of_Inherently_Dangerous_Function__basic_10.c.aabcec13.trap (CWE242_Use_of_Inherently_Dangerous_Function__basic_10.c.aabcec13_0.trap.tar.zst) (178 of 768)
[2026-03-02 10:30:49] Scanning CWE242_Use_of_Inherently_Dangerous_Function__basic_11.c.e2d67b0d.trap (CWE242_Use_of_Inherently_Dangerous_Function__basic_11.c.e2d67b0d_0.trap.tar.zst) (179 of 768)
[2026-03-02 10:30:49] Scanning CWE242_Use_of_Inherently_Dangerous_Function__basic_12.c.074ae82d.trap (CWE242_Use_of_Inherently_Dangerous_Function__basic_12.c.074ae82d_0.trap.tar.zst) (180 of 768)
[2026-03-02 10:30:49] Scanning CWE242_Use_of_Inherently_Dangerous_Function__basic_13.c.6d32c2b5.trap (CWE242_Use_of_Inherently_Dangerous_Function__basic_13.c.6d32c2b5_0.trap.tar.zst) (181 of 768)
[2026-03-02 10:30:49] Scanning CWE242_Use_of_Inherently_Dangerous_Function__basic_14.c.60de9e0c.trap (CWE242_Use_of_Inherently_Dangerous_Function__basic_14.c.60de9e0c_0.trap.tar.zst) (182 of 768)
[2026-03-02 10:30:49] Scanning CWE242_Use_of_Inherently_Dangerous_Function__basic_15.c.c45b2132.trap (CWE242_Use_of_Inherently_Dangerous_Function__basic_15.c.c45b2132_0.trap.tar.zst) (183 of 768)
[2026-03-02 10:30:49] Scanning CWE242_Use_of_Inherently_Dangerous_Function__basic_16.c.3bca8e83.trap (CWE242_Use_of_Inherently_Dangerous_Function__basic_16.c.3bca8e83_0.trap.tar.zst) (184 of 768)
[2026-03-02 10:30:49] Scanning CWE242_Use_of_Inherently_Dangerous_Function__basic_17.c.e60d3359.trap (CWE242_Use_of_Inherently_Dangerous_Function__basic_17.c.e60d3359_0.trap.tar.zst) (185 of 768)
[2026-03-02 10:30:49] Scanning CWE242_Use_of_Inherently_Dangerous_Function__basic_18.c.93645a2e.trap (CWE242_Use_of_Inherently_Dangerous_Function__basic_18.c.93645a2e_0.trap.tar.zst) (186 of 768)
[2026-03-02 10:30:49] Scanning cpp_predefined.ee949d85.trap (main_linux.cpp.ede3e287_0.trap.tar.zst) (187 of 768)
[2026-03-02 10:30:49] Scanning _symbol_aliasing.h.0a471a71.trap (main_linux.cpp.ede3e287_0.trap.tar.zst) (188 of 768)
[2026-03-02 10:30:49] Scanning _posix_availability.h.b443d1ff.trap (main_linux.cpp.ede3e287_0.trap.tar.zst) (189 of 768)
[2026-03-02 10:30:49] Scanning ptrcheck.h.d23e4459.trap (main_linux.cpp.ede3e287_0.trap.tar.zst) (190 of 768)
[2026-03-02 10:30:49] Scanning cdefs.h.75e2bc0e.trap (main_linux.cpp.ede3e287_0.trap.tar.zst) (191 of 768)
[2026-03-02 10:30:49] Scanning _types.h.3789d7e8.trap (main_linux.cpp.ede3e287_0.trap.tar.zst) (192 of 768)
[2026-03-02 10:30:49] Scanning _types.h.f14fd31f.trap (main_linux.cpp.ede3e287_0.trap.tar.zst) (193 of 768)
[2026-03-02 10:30:49] Scanning _pthread_types.h.3315cb4e.trap (main_linux.cpp.ede3e287_0.trap.tar.zst) (194 of 768)
[2026-03-02 10:30:49] Scanning _types.h.c216e9a1.trap (main_linux.cpp.ede3e287_0.trap.tar.zst) (195 of 768)
[2026-03-02 10:30:49] Scanning _bounds.h.aa83257d.trap (main_linux.cpp.ede3e287_0.trap.tar.zst) (196 of 768)
[2026-03-02 10:30:49] Scanning _types.h.48982eea.trap (main_linux.cpp.ede3e287_0.trap.tar.zst) (197 of 768)
[2026-03-02 10:30:49] Scanning AvailabilityVersions.h.594e1a74.trap (main_linux.cpp.ede3e287_0.trap.tar.zst) (198 of 768)
[2026-03-02 10:30:49] Scanning AvailabilityVersions.h.8d35c3d1.trap (main_linux.cpp.ede3e287_0.trap.tar.zst) (199 of 768)
[2026-03-02 10:30:49] Scanning AvailabilityInternal.h.23e27740.trap (main_linux.cpp.ede3e287_0.trap.tar.zst) (200 of 768)
[2026-03-02 10:30:49] Scanning AvailabilityInternal.h.bd3d5221.trap (main_linux.cpp.ede3e287_0.trap.tar.zst) (201 of 768)
[2026-03-02 10:30:49] Scanning AvailabilityInternalLegacy.h.2ab2e7da.trap (main_linux.cpp.ede3e287_0.trap.tar.zst) (202 of 768)
[2026-03-02 10:30:49] Scanning Availability.h.e5bca9f2.trap (main_linux.cpp.ede3e287_0.trap.tar.zst) (203 of 768)
[2026-03-02 10:30:49] Scanning _int8_t.h.c690ef94.trap (main_linux.cpp.ede3e287_0.trap.tar.zst) (204 of 768)
[2026-03-02 10:30:49] Scanning _int16_t.h.cede5dee.trap (main_linux.cpp.ede3e287_0.trap.tar.zst) (205 of 768)
[2026-03-02 10:30:49] Scanning _int32_t.h.002e04b6.trap (main_linux.cpp.ede3e287_0.trap.tar.zst) (206 of 768)
[2026-03-02 10:30:49] Scanning _int64_t.h.cde97c46.trap (main_linux.cpp.ede3e287_0.trap.tar.zst) (207 of 768)
[2026-03-02 10:30:49] Scanning _u_int8_t.h.58617ebc.trap (main_linux.cpp.ede3e287_0.trap.tar.zst) (208 of 768)
[2026-03-02 10:30:49] Scanning _u_int16_t.h.bd69d5df.trap (main_linux.cpp.ede3e287_0.trap.tar.zst) (209 of 768)
[2026-03-02 10:30:49] Scanning _u_int32_t.h.312960f3.trap (main_linux.cpp.ede3e287_0.trap.tar.zst) (210 of 768)
[2026-03-02 10:30:49] Scanning _u_int64_t.h.d0bb021c.trap (main_linux.cpp.ede3e287_0.trap.tar.zst) (211 of 768)
[2026-03-02 10:30:49] Scanning _intptr_t.h.721a184a.trap (main_linux.cpp.ede3e287_0.trap.tar.zst) (212 of 768)
[2026-03-02 10:30:49] Scanning _uintptr_t.h.70f5e9d7.trap (main_linux.cpp.ede3e287_0.trap.tar.zst) (213 of 768)
[2026-03-02 10:30:49] Scanning types.h.9ffe0664.trap (main_linux.cpp.ede3e287_0.trap.tar.zst) (214 of 768)
[2026-03-02 10:30:49] Scanning types.h.e06d7f62.trap (main_linux.cpp.ede3e287_0.trap.tar.zst) (215 of 768)
[2026-03-02 10:30:49] Scanning _clock_t.h.5fb27bb3.trap (main_linux.cpp.ede3e287_0.trap.tar.zst) (216 of 768)
[2026-03-02 10:30:49] Scanning _null.h.c850d7b0.trap (main_linux.cpp.ede3e287_0.trap.tar.zst) (217 of 768)
[2026-03-02 10:30:49] Scanning _size_t.h.733d6c9a.trap (main_linux.cpp.ede3e287_0.trap.tar.zst) (218 of 768)
[2026-03-02 10:30:49] Scanning _time_t.h.d28242a0.trap (main_linux.cpp.ede3e287_0.trap.tar.zst) (219 of 768)
[2026-03-02 10:30:49] Scanning _timespec.h.c65b3ca7.trap (main_linux.cpp.ede3e287_0.trap.tar.zst) (220 of 768)
[2026-03-02 10:30:49] Scanning _time.h.4e58eb22.trap (main_linux.cpp.ede3e287_0.trap.tar.zst) (221 of 768)
[2026-03-02 10:30:49] Scanning time.h.26b3844b.trap (main_linux.cpp.ede3e287_0.trap.tar.zst) (222 of 768)
[2026-03-02 10:30:49] Scanning __config_site.0539d1a2.trap (main_linux.cpp.ede3e287_0.trap.tar.zst) (223 of 768)
[2026-03-02 10:30:49] Scanning compiler.h.16466012.trap (main_linux.cpp.ede3e287_0.trap.tar.zst) (224 of 768)
[2026-03-02 10:30:49] Scanning platform.h.883aa602.trap (main_linux.cpp.ede3e287_0.trap.tar.zst) (225 of 768)
[2026-03-02 10:30:49] Scanning abi.h.c4018a89.trap (main_linux.cpp.ede3e287_0.trap.tar.zst) (226 of 768)
[2026-03-02 10:30:49] Scanning language.h.061b14d1.trap (main_linux.cpp.ede3e287_0.trap.tar.zst) (227 of 768)
[2026-03-02 10:30:49] Scanning availability.h.6761ad51.trap (main_linux.cpp.ede3e287_0.trap.tar.zst) (228 of 768)
[2026-03-02 10:30:49] Scanning __config.2f898f4f.trap (main_linux.cpp.ede3e287_0.trap.tar.zst) (229 of 768)
[2026-03-02 10:30:49] Scanning Availability.h.413c1118.trap (main_linux.cpp.ede3e287_0.trap.tar.zst) (230 of 768)
[2026-03-02 10:30:49] Scanning _pid_t.h.117f8edf.trap (main_linux.cpp.ede3e287_0.trap.tar.zst) (231 of 768)
[2026-03-02 10:30:49] Scanning _id_t.h.ac6a9ea5.trap (main_linux.cpp.ede3e287_0.trap.tar.zst) (232 of 768)
[2026-03-02 10:30:49] Scanning appleapiopts.h.0d0fda4b.trap (main_linux.cpp.ede3e287_0.trap.tar.zst) (233 of 768)
[2026-03-02 10:30:49] Scanning signal.h.7b7a1a6e.trap (main_linux.cpp.ede3e287_0.trap.tar.zst) (234 of 768)
[2026-03-02 10:30:49] Scanning signal.h.8103c343.trap (main_linux.cpp.ede3e287_0.trap.tar.zst) (235 of 768)
[2026-03-02 10:30:49] Scanning _structs.h.218e99cd.trap (main_linux.cpp.ede3e287_0.trap.tar.zst) (236 of 768)
[2026-03-02 10:30:49] Scanning _structs.h.b8a33afc.trap (main_linux.cpp.ede3e287_0.trap.tar.zst) (237 of 768)
[2026-03-02 10:30:49] Scanning _mcontext.h.49165a17.trap (main_linux.cpp.ede3e287_0.trap.tar.zst) (238 of 768)
[2026-03-02 10:30:49] Scanning _mcontext.h.58b69c63.trap (main_linux.cpp.ede3e287_0.trap.tar.zst) (239 of 768)
[2026-03-02 10:30:49] Scanning _pthread_attr_t.h.0160a8a8.trap (main_linux.cpp.ede3e287_0.trap.tar.zst) (240 of 768)
[2026-03-02 10:30:49] Scanning _sigaltstack.h.d7f96328.trap (main_linux.cpp.ede3e287_0.trap.tar.zst) (241 of 768)
[2026-03-02 10:30:49] Scanning _ucontext.h.e91ecefa.trap (main_linux.cpp.ede3e287_0.trap.tar.zst) (242 of 768)
[2026-03-02 10:30:49] Scanning _sigset_t.h.09efed2c.trap (main_linux.cpp.ede3e287_0.trap.tar.zst) (243 of 768)
[2026-03-02 10:30:49] Scanning _size_t.h.f053eda8.trap (main_linux.cpp.ede3e287_0.trap.tar.zst) (244 of 768)
[2026-03-02 10:30:49] Scanning _uid_t.h.2a6a8739.trap (main_linux.cpp.ede3e287_0.trap.tar.zst) (245 of 768)
[2026-03-02 10:30:49] Scanning signal.h.ea1d62e2.trap (main_linux.cpp.ede3e287_0.trap.tar.zst) (246 of 768)
[2026-03-02 10:30:49] Scanning _uint8_t.h.e2cbee6e.trap (main_linux.cpp.ede3e287_0.trap.tar.zst) (247 of 768)
[2026-03-02 10:30:49] Scanning _uint16_t.h.a4eba337.trap (main_linux.cpp.ede3e287_0.trap.tar.zst) (248 of 768)
[2026-03-02 10:30:49] Scanning _uint32_t.h.ca03f145.trap (main_linux.cpp.ede3e287_0.trap.tar.zst) (249 of 768)
[2026-03-02 10:30:49] Scanning _uint64_t.h.598def32.trap (main_linux.cpp.ede3e287_0.trap.tar.zst) (250 of 768)
[2026-03-02 10:30:49] Scanning _intmax_t.h.2c4886ae.trap (main_linux.cpp.ede3e287_0.trap.tar.zst) (251 of 768)
[2026-03-02 10:30:49] Scanning _uintmax_t.h.d5ccc8df.trap (main_linux.cpp.ede3e287_0.trap.tar.zst) (252 of 768)
[2026-03-02 10:30:49] Scanning stdint.h.b78bc52f.trap (main_linux.cpp.ede3e287_0.trap.tar.zst) (253 of 768)
[2026-03-02 10:30:49] Scanning stdint.h.712a4e22.trap (main_linux.cpp.ede3e287_0.trap.tar.zst) (254 of 768)
[2026-03-02 10:30:49] Scanning stdint.h.cbf87649.trap (main_linux.cpp.ede3e287_0.trap.tar.zst) (255 of 768)
[2026-03-02 10:30:49] Scanning _timeval.h.ec79be32.trap (main_linux.cpp.ede3e287_0.trap.tar.zst) (256 of 768)
[2026-03-02 10:30:49] Scanning resource.h.bed2657a.trap (main_linux.cpp.ede3e287_0.trap.tar.zst) (257 of 768)
[2026-03-02 10:30:49] Scanning __endian.h.c5f137bc.trap (main_linux.cpp.ede3e287_0.trap.tar.zst) (258 of 768)
[2026-03-02 10:30:49] Scanning _endian.h.b851437c.trap (main_linux.cpp.ede3e287_0.trap.tar.zst) (259 of 768)
[2026-03-02 10:30:49] Scanning _endian.h.2c59fb72.trap (main_linux.cpp.ede3e287_0.trap.tar.zst) (260 of 768)
[2026-03-02 10:30:49] Scanning _OSByteOrder.h.5ba1ae58.trap (main_linux.cpp.ede3e287_0.trap.tar.zst) (261 of 768)
[2026-03-02 10:30:49] Scanning _OSByteOrder.h.9d0e9400.trap (main_linux.cpp.ede3e287_0.trap.tar.zst) (262 of 768)
[2026-03-02 10:30:49] Scanning _endian.h.6689c988.trap (main_linux.cpp.ede3e287_0.trap.tar.zst) (263 of 768)
[2026-03-02 10:30:49] Scanning endian.h.49c4c206.trap (main_linux.cpp.ede3e287_0.trap.tar.zst) (264 of 768)
[2026-03-02 10:30:49] Scanning endian.h.d48e730f.trap (main_linux.cpp.ede3e287_0.trap.tar.zst) (265 of 768)
[2026-03-02 10:30:49] Scanning wait.h.8fa7c667.trap (main_linux.cpp.ede3e287_0.trap.tar.zst) (266 of 768)
[2026-03-02 10:30:49] Scanning alloca.h.3cdcd8c4.trap (main_linux.cpp.ede3e287_0.trap.tar.zst) (267 of 768)
[2026-03-02 10:30:49] Scanning _ct_rune_t.h.0621b199.trap (main_linux.cpp.ede3e287_0.trap.tar.zst) (268 of 768)
[2026-03-02 10:30:49] Scanning _rune_t.h.ad493c8b.trap (main_linux.cpp.ede3e287_0.trap.tar.zst) (269 of 768)
[2026-03-02 10:30:49] Scanning _wchar_t.h.17df62f9.trap (main_linux.cpp.ede3e287_0.trap.tar.zst) (270 of 768)
[2026-03-02 10:30:49] Scanning _null.h.ba93b67f.trap (main_linux.cpp.ede3e287_0.trap.tar.zst) (271 of 768)
[2026-03-02 10:30:49] Scanning _ptrcheck.h.c630b0c6.trap (main_linux.cpp.ede3e287_0.trap.tar.zst) (272 of 768)
[2026-03-02 10:30:49] Scanning _malloc_type.h.3bc7235d.trap (main_linux.cpp.ede3e287_0.trap.tar.zst) (273 of 768)
[2026-03-02 10:30:49] Scanning _malloc.h.67c58d7f.trap (main_linux.cpp.ede3e287_0.trap.tar.zst) (274 of 768)
[2026-03-02 10:30:49] Scanning _abort.h.8c9439ec.trap (main_linux.cpp.ede3e287_0.trap.tar.zst) (275 of 768)
[2026-03-02 10:30:49] Scanning _dev_t.h.e9d5f812.trap (main_linux.cpp.ede3e287_0.trap.tar.zst) (276 of 768)
[2026-03-02 10:30:49] Scanning _mode_t.h.2aa5f03e.trap (main_linux.cpp.ede3e287_0.trap.tar.zst) (277 of 768)
[2026-03-02 10:30:49] Scanning _stdlib.h.7883b499.trap (main_linux.cpp.ede3e287_0.trap.tar.zst) (278 of 768)
[2026-03-02 10:30:49] Scanning stdlib.h.bce2b523.trap (main_linux.cpp.ede3e287_0.trap.tar.zst) (279 of 768)
[2026-03-02 10:30:49] Scanning stdlib.h.a75b0625.trap (main_linux.cpp.ede3e287_0.trap.tar.zst) (280 of 768)
[2026-03-02 10:30:49] Scanning _va_list.h.d86eeb45.trap (main_linux.cpp.ede3e287_0.trap.tar.zst) (281 of 768)
[2026-03-02 10:30:49] Scanning stdio.h.189871af.trap (main_linux.cpp.ede3e287_0.trap.tar.zst) (282 of 768)
[2026-03-02 10:30:49] Scanning _printf.h.dca7acf2.trap (main_linux.cpp.ede3e287_0.trap.tar.zst) (283 of 768)
[2026-03-02 10:30:49] Scanning _seek_set.h.bfba5662.trap (main_linux.cpp.ede3e287_0.trap.tar.zst) (284 of 768)
[2026-03-02 10:30:49] Scanning _ctermid.h.dae6308a.trap (main_linux.cpp.ede3e287_0.trap.tar.zst) (285 of 768)
[2026-03-02 10:30:49] Scanning _off_t.h.0d8d34e9.trap (main_linux.cpp.ede3e287_0.trap.tar.zst) (286 of 768)
[2026-03-02 10:30:49] Scanning _ssize_t.h.572d2bc8.trap (main_linux.cpp.ede3e287_0.trap.tar.zst) (287 of 768)
[2026-03-02 10:30:49] Scanning _stdio.h.24c76aee.trap (main_linux.cpp.ede3e287_0.trap.tar.zst) (288 of 768)
[2026-03-02 10:30:49] Scanning stdio.h.127436a6.trap (main_linux.cpp.ede3e287_0.trap.tar.zst) (289 of 768)
[2026-03-02 10:30:49] Scanning stdio.h.f98344fc.trap (main_linux.cpp.ede3e287_0.trap.tar.zst) (290 of 768)
[2026-03-02 10:30:49] Scanning stdlib.h.0c34ce16.trap (main_linux.cpp.ede3e287_0.trap.tar.zst) (291 of 768)
[2026-03-02 10:30:49] Scanning __stddef_header_macro.h.f0604f99.trap (main_linux.cpp.ede3e287_0.trap.tar.zst) (292 of 768)
[2026-03-02 10:30:49] Scanning __stddef_ptrdiff_t.h.3a9ea148.trap (main_linux.cpp.ede3e287_0.trap.tar.zst) (293 of 768)
[2026-03-02 10:30:49] Scanning __stddef_size_t.h.94c12181.trap (main_linux.cpp.ede3e287_0.trap.tar.zst) (294 of 768)
[2026-03-02 10:30:49] Scanning __stddef_rsize_t.h.026aebf1.trap (main_linux.cpp.ede3e287_0.trap.tar.zst) (295 of 768)
[2026-03-02 10:30:49] Scanning __stddef_wchar_t.h.14832db2.trap (main_linux.cpp.ede3e287_0.trap.tar.zst) (296 of 768)
[2026-03-02 10:30:49] Scanning __stddef_null.h.28de6158.trap (main_linux.cpp.ede3e287_0.trap.tar.zst) (297 of 768)
[2026-03-02 10:30:49] Scanning __stddef_nullptr_t.h.d2dada16.trap (main_linux.cpp.ede3e287_0.trap.tar.zst) (298 of 768)
[2026-03-02 10:30:49] Scanning __stddef_max_align_t.h.824f5b59.trap (main_linux.cpp.ede3e287_0.trap.tar.zst) (299 of 768)
[2026-03-02 10:30:49] Scanning __stddef_offsetof.h.d747fd53.trap (main_linux.cpp.ede3e287_0.trap.tar.zst) (300 of 768)
[2026-03-02 10:30:49] Scanning stddef.h.8753428d.trap (main_linux.cpp.ede3e287_0.trap.tar.zst) (301 of 768)
[2026-03-02 10:30:49] Scanning stddef.h.17a54520.trap (main_linux.cpp.ede3e287_0.trap.tar.zst) (302 of 768)
[2026-03-02 10:30:49] Scanning _limits.h.34834e2d.trap (main_linux.cpp.ede3e287_0.trap.tar.zst) (303 of 768)
[2026-03-02 10:30:49] Scanning limits.h.6fa3ab6d.trap (main_linux.cpp.ede3e287_0.trap.tar.zst) (304 of 768)
[2026-03-02 10:30:49] Scanning limits.h.eb1957ee.trap (main_linux.cpp.ede3e287_0.trap.tar.zst) (305 of 768)
[2026-03-02 10:30:49] Scanning syslimits.h.e9affd4e.trap (main_linux.cpp.ede3e287_0.trap.tar.zst) (306 of 768)
[2026-03-02 10:30:49] Scanning limits.h.799eb504.trap (main_linux.cpp.ede3e287_0.trap.tar.zst) (307 of 768)
[2026-03-02 10:30:49] Scanning limits.h.331f45e1.trap (main_linux.cpp.ede3e287_0.trap.tar.zst) (308 of 768)
[2026-03-02 10:30:49] Scanning _null.h.9aa91c3a.trap (main_linux.cpp.ede3e287_0.trap.tar.zst) (309 of 768)
[2026-03-02 10:30:49] Scanning _rsize_t.h.ad337269.trap (main_linux.cpp.ede3e287_0.trap.tar.zst) (310 of 768)
[2026-03-02 10:30:49] Scanning _errno_t.h.5499e646.trap (main_linux.cpp.ede3e287_0.trap.tar.zst) (311 of 768)
[2026-03-02 10:30:49] Scanning _strings.h.7c30596b.trap (main_linux.cpp.ede3e287_0.trap.tar.zst) (312 of 768)
[2026-03-02 10:30:49] Scanning _string.h.c15e785e.trap (main_linux.cpp.ede3e287_0.trap.tar.zst) (313 of 768)
[2026-03-02 10:30:49] Scanning string.h.31c74f02.trap (main_linux.cpp.ede3e287_0.trap.tar.zst) (314 of 768)
[2026-03-02 10:30:49] Scanning string.h.294c22fe.trap (main_linux.cpp.ede3e287_0.trap.tar.zst) (315 of 768)
[2026-03-02 10:30:49] Scanning _wint_t.h.09e3666d.trap (main_linux.cpp.ede3e287_0.trap.tar.zst) (316 of 768)
[2026-03-02 10:30:49] Scanning runetype.h.eb39a274.trap (main_linux.cpp.ede3e287_0.trap.tar.zst) (317 of 768)
[2026-03-02 10:30:49] Scanning _ctype.h.9f372f8f.trap (main_linux.cpp.ede3e287_0.trap.tar.zst) (318 of 768)
[2026-03-02 10:30:49] Scanning ctype.h.5f0d3764.trap (main_linux.cpp.ede3e287_0.trap.tar.zst) (319 of 768)
[2026-03-02 10:30:49] Scanning ctype.h.5ed7dd56.trap (main_linux.cpp.ede3e287_0.trap.tar.zst) (320 of 768)
[2026-03-02 10:30:49] Scanning _o_sync.h.f0604f99.trap (main_linux.cpp.ede3e287_0.trap.tar.zst) (321 of 768)
[2026-03-02 10:30:49] Scanning _o_dsync.h.f0604f99.trap (main_linux.cpp.ede3e287_0.trap.tar.zst) (322 of 768)
[2026-03-02 10:30:49] Scanning _s_ifmt.h.f2305c3d.trap (main_linux.cpp.ede3e287_0.trap.tar.zst) (323 of 768)
[2026-03-02 10:30:49] Scanning _filesec_t.h.b2a264d0.trap (main_linux.cpp.ede3e287_0.trap.tar.zst) (324 of 768)
[2026-03-02 10:30:49] Scanning fcntl.h.3a2c47e9.trap (main_linux.cpp.ede3e287_0.trap.tar.zst) (325 of 768)
[2026-03-02 10:30:49] Scanning fcntl.h.fc053d5d.trap (main_linux.cpp.ede3e287_0.trap.tar.zst) (326 of 768)
[2026-03-02 10:30:49] Scanning _u_char.h.789a81cf.trap (main_linux.cpp.ede3e287_0.trap.tar.zst) (327 of 768)
[2026-03-02 10:30:49] Scanning _u_short.h.d2393deb.trap (main_linux.cpp.ede3e287_0.trap.tar.zst) (328 of 768)
[2026-03-02 10:30:49] Scanning _u_int.h.7e67662e.trap (main_linux.cpp.ede3e287_0.trap.tar.zst) (329 of 768)
[2026-03-02 10:30:49] Scanning _caddr_t.h.85825f72.trap (main_linux.cpp.ede3e287_0.trap.tar.zst) (330 of 768)
[2026-03-02 10:30:49] Scanning _blkcnt_t.h.4d23dc8f.trap (main_linux.cpp.ede3e287_0.trap.tar.zst) (331 of 768)
[2026-03-02 10:30:49] Scanning _blksize_t.h.30094a67.trap (main_linux.cpp.ede3e287_0.trap.tar.zst) (332 of 768)
[2026-03-02 10:30:49] Scanning _gid_t.h.8f157204.trap (main_linux.cpp.ede3e287_0.trap.tar.zst) (333 of 768)
[2026-03-02 10:30:49] Scanning _in_addr_t.h.f9269582.trap (main_linux.cpp.ede3e287_0.trap.tar.zst) (334 of 768)
[2026-03-02 10:30:49] Scanning _in_port_t.h.465dc423.trap (main_linux.cpp.ede3e287_0.trap.tar.zst) (335 of 768)
[2026-03-02 10:30:49] Scanning _ino_t.h.abed36ec.trap (main_linux.cpp.ede3e287_0.trap.tar.zst) (336 of 768)
[2026-03-02 10:30:49] Scanning _ino64_t.h.3200439f.trap (main_linux.cpp.ede3e287_0.trap.tar.zst) (337 of 768)
[2026-03-02 10:30:49] Scanning _key_t.h.121f6438.trap (main_linux.cpp.ede3e287_0.trap.tar.zst) (338 of 768)
[2026-03-02 10:30:49] Scanning _nlink_t.h.2d826489.trap (main_linux.cpp.ede3e287_0.trap.tar.zst) (339 of 768)
[2026-03-02 10:30:49] Scanning _useconds_t.h.d6f0da40.trap (main_linux.cpp.ede3e287_0.trap.tar.zst) (340 of 768)
[2026-03-02 10:30:49] Scanning _suseconds_t.h.43b6e89c.trap (main_linux.cpp.ede3e287_0.trap.tar.zst) (341 of 768)
[2026-03-02 10:30:49] Scanning _fd_def.h.6d6364ae.trap (main_linux.cpp.ede3e287_0.trap.tar.zst) (342 of 768)
[2026-03-02 10:30:49] Scanning _fd_setsize.h.3c1c3d83.trap (main_linux.cpp.ede3e287_0.trap.tar.zst) (343 of 768)
[2026-03-02 10:30:49] Scanning _fd_set.h.3c1c3d83.trap (main_linux.cpp.ede3e287_0.trap.tar.zst) (344 of 768)
[2026-03-02 10:30:49] Scanning _fd_clr.h.3c1c3d83.trap (main_linux.cpp.ede3e287_0.trap.tar.zst) (345 of 768)
[2026-03-02 10:30:49] Scanning _fd_zero.h.3c1c3d83.trap (main_linux.cpp.ede3e287_0.trap.tar.zst) (346 of 768)
[2026-03-02 10:30:49] Scanning _fd_isset.h.3c1c3d83.trap (main_linux.cpp.ede3e287_0.trap.tar.zst) (347 of 768)
[2026-03-02 10:30:49] Scanning _fd_copy.h.3c1c3d83.trap (main_linux.cpp.ede3e287_0.trap.tar.zst) (348 of 768)
[2026-03-02 10:30:49] Scanning _pthread_cond_t.h.d007a202.trap (main_linux.cpp.ede3e287_0.trap.tar.zst) (349 of 768)
[2026-03-02 10:30:49] Scanning _pthread_condattr_t.h.26949a6e.trap (main_linux.cpp.ede3e287_0.trap.tar.zst) (350 of 768)
[2026-03-02 10:30:49] Scanning _pthread_mutex_t.h.51b144a6.trap (main_linux.cpp.ede3e287_0.trap.tar.zst) (351 of 768)
[2026-03-02 10:30:49] Scanning _pthread_mutexattr_t.h.af3ad772.trap (main_linux.cpp.ede3e287_0.trap.tar.zst) (352 of 768)
[2026-03-02 10:30:49] Scanning _pthread_once_t.h.95bb4d28.trap (main_linux.cpp.ede3e287_0.trap.tar.zst) (353 of 768)
[2026-03-02 10:30:49] Scanning _pthread_rwlock_t.h.b344b1c2.trap (main_linux.cpp.ede3e287_0.trap.tar.zst) (354 of 768)
[2026-03-02 10:30:49] Scanning _pthread_rwlockattr_t.h.03460348.trap (main_linux.cpp.ede3e287_0.trap.tar.zst) (355 of 768)
[2026-03-02 10:30:49] Scanning _pthread_t.h.dcb0861c.trap (main_linux.cpp.ede3e287_0.trap.tar.zst) (356 of 768)
[2026-03-02 10:30:49] Scanning _pthread_key_t.h.1a467f51.trap (main_linux.cpp.ede3e287_0.trap.tar.zst) (357 of 768)
[2026-03-02 10:30:49] Scanning _fsblkcnt_t.h.38b1b65c.trap (main_linux.cpp.ede3e287_0.trap.tar.zst) (358 of 768)
[2026-03-02 10:30:49] Scanning _fsfilcnt_t.h.bd78ce52.trap (main_linux.cpp.ede3e287_0.trap.tar.zst) (359 of 768)
[2026-03-02 10:30:49] Scanning types.h.9782d118.trap (main_linux.cpp.ede3e287_0.trap.tar.zst) (360 of 768)
[2026-03-02 10:30:49] Scanning stat.h.97cdf885.trap (main_linux.cpp.ede3e287_0.trap.tar.zst) (361 of 768)
[2026-03-02 10:30:49] Scanning size_t.h.1d639d65.trap (main_linux.cpp.ede3e287_0.trap.tar.zst) (362 of 768)
[2026-03-02 10:30:49] Scanning align_val_t.h.8128b819.trap (main_linux.cpp.ede3e287_0.trap.tar.zst) (363 of 768)
[2026-03-02 10:30:49] Scanning __stddef_ptrdiff_t.h.4a9313e6.trap (main_linux.cpp.ede3e287_0.trap.tar.zst) (364 of 768)
[2026-03-02 10:30:49] Scanning __stddef_rsize_t.h.ec342169.trap (main_linux.cpp.ede3e287_0.trap.tar.zst) (365 of 768)
[2026-03-02 10:30:49] Scanning __stddef_nullptr_t.h.8c94a854.trap (main_linux.cpp.ede3e287_0.trap.tar.zst) (366 of 768)
[2026-03-02 10:30:49] Scanning __stddef_offsetof.h.a042c7d1.trap (main_linux.cpp.ede3e287_0.trap.tar.zst) (367 of 768)
[2026-03-02 10:30:49] Scanning stddef.h.961a42e4.trap (main_linux.cpp.ede3e287_0.trap.tar.zst) (368 of 768)
[2026-03-02 10:30:49] Scanning stddef.h.3742f405.trap (main_linux.cpp.ede3e287_0.trap.tar.zst) (369 of 768)
[2026-03-02 10:30:49] Scanning max_align_t.h.13048093.trap (main_linux.cpp.ede3e287_0.trap.tar.zst) (370 of 768)
[2026-03-02 10:30:49] Scanning exception.h.55ff9833.trap (main_linux.cpp.ede3e287_0.trap.tar.zst) (371 of 768)
[2026-03-02 10:30:49] Scanning __verbose_abort.55b286b9.trap (main_linux.cpp.ede3e287_0.trap.tar.zst) (372 of 768)
[2026-03-02 10:30:49] Scanning exceptions.h.8a562c65.trap (main_linux.cpp.ede3e287_0.trap.tar.zst) (373 of 768)
[2026-03-02 10:30:49] Scanning nothrow_t.h.db340cd4.trap (main_linux.cpp.ede3e287_0.trap.tar.zst) (374 of 768)
[2026-03-02 10:30:49] Scanning global_new_delete.h.85e4f95d.trap (main_linux.cpp.ede3e287_0.trap.tar.zst) (375 of 768)
[2026-03-02 10:30:49] Scanning type_identity.h.37789797.trap (main_linux.cpp.ede3e287_0.trap.tar.zst) (376 of 768)
[2026-03-02 10:30:49] Scanning element_count.h.1e89b7c8.trap (main_linux.cpp.ede3e287_0.trap.tar.zst) (377 of 768)
[2026-03-02 10:30:49] Scanning global_typed_new_delete.h.8974f0af.trap (main_linux.cpp.ede3e287_0.trap.tar.zst) (378 of 768)
[2026-03-02 10:30:49] Scanning allocate.h.03c38741.trap (main_linux.cpp.ede3e287_0.trap.tar.zst) (379 of 768)
[2026-03-02 10:30:49] Scanning new_handler.h.a3a1517a.trap (main_linux.cpp.ede3e287_0.trap.tar.zst) (380 of 768)
[2026-03-02 10:30:49] Scanning placement_new_delete.h.dc5b1262.trap (main_linux.cpp.ede3e287_0.trap.tar.zst) (381 of 768)
[2026-03-02 10:30:49] Scanning interference_size.h.ad4491b7.trap (main_linux.cpp.ede3e287_0.trap.tar.zst) (382 of 768)
[2026-03-02 10:30:49] Scanning integral_constant.h.d1387226.trap (main_linux.cpp.ede3e287_0.trap.tar.zst) (383 of 768)
[2026-03-02 10:30:49] Scanning is_function.h.e50ac2b2.trap (main_linux.cpp.ede3e287_0.trap.tar.zst) (384 of 768)
[2026-03-02 10:30:49] Scanning is_void.h.18b71164.trap (main_linux.cpp.ede3e287_0.trap.tar.zst) (385 of 768)
[2026-03-02 10:30:49] Scanning launder.h.98533866.trap (main_linux.cpp.ede3e287_0.trap.tar.zst) (386 of 768)
[2026-03-02 10:30:49] Scanning version.13f39c23.trap (main_linux.cpp.ede3e287_0.trap.tar.zst) (387 of 768)
[2026-03-02 10:30:49] Scanning byte.h.b2af7693.trap (main_linux.cpp.ede3e287_0.trap.tar.zst) (388 of 768)
[2026-03-02 10:30:49] Scanning enable_if.h.358ae6aa.trap (main_linux.cpp.ede3e287_0.trap.tar.zst) (389 of 768)
[2026-03-02 10:30:49] Scanning remove_cv.h.d1e94b70.trap (main_linux.cpp.ede3e287_0.trap.tar.zst) (390 of 768)
[2026-03-02 10:30:49] Scanning is_integral.h.d31d1fe2.trap (main_linux.cpp.ede3e287_0.trap.tar.zst) (391 of 768)
[2026-03-02 10:30:49] Scanning byte.h.92ec526a.trap (main_linux.cpp.ede3e287_0.trap.tar.zst) (392 of 768)
[2026-03-02 10:30:49] Scanning nullptr_t.h.8bcfef3f.trap (main_linux.cpp.ede3e287_0.trap.tar.zst) (393 of 768)
[2026-03-02 10:30:49] Scanning ptrdiff_t.h.bd2ca1c1.trap (main_linux.cpp.ede3e287_0.trap.tar.zst) (394 of 768)
[2026-03-02 10:30:49] Scanning cstddef.7a9bd746.trap (main_linux.cpp.ede3e287_0.trap.tar.zst) (395 of 768)
[2026-03-02 10:30:49] Scanning cstdlib.f4d3ffbe.trap (main_linux.cpp.ede3e287_0.trap.tar.zst) (396 of 768)
[2026-03-02 10:30:49] Scanning add_cv_quals.h.1db25bff.trap (main_linux.cpp.ede3e287_0.trap.tar.zst) (397 of 768)
[2026-03-02 10:30:49] Scanning is_same.h.1c51a5ff.trap (main_linux.cpp.ede3e287_0.trap.tar.zst) (398 of 768)
[2026-03-02 10:30:49] Scanning is_referenceable.h.a19eee58.trap (main_linux.cpp.ede3e287_0.trap.tar.zst) (399 of 768)
[2026-03-02 10:30:49] Scanning add_lvalue_reference.h.f90b036a.trap (main_linux.cpp.ede3e287_0.trap.tar.zst) (400 of 768)
[2026-03-02 10:30:49] Scanning remove_reference.h.eb463fa8.trap (main_linux.cpp.ede3e287_0.trap.tar.zst) (401 of 768)
[2026-03-02 10:30:49] Scanning add_pointer.h.bc04bb0b.trap (main_linux.cpp.ede3e287_0.trap.tar.zst) (402 of 768)
[2026-03-02 10:30:49] Scanning add_rvalue_reference.h.8ff9b994.trap (main_linux.cpp.ede3e287_0.trap.tar.zst) (403 of 768)
[2026-03-02 10:30:49] Scanning type_list.h.e810b48d.trap (main_linux.cpp.ede3e287_0.trap.tar.zst) (404 of 768)
[2026-03-02 10:30:49] Scanning aligned_storage.h.9fee04b7.trap (main_linux.cpp.ede3e287_0.trap.tar.zst) (405 of 768)
[2026-03-02 10:30:49] Scanning aligned_union.h.3c85cb9d.trap (main_linux.cpp.ede3e287_0.trap.tar.zst) (406 of 768)
[2026-03-02 10:30:49] Scanning alignment_of.h.bfca06d2.trap (main_linux.cpp.ede3e287_0.trap.tar.zst) (407 of 768)
[2026-03-02 10:30:49] Scanning conditional.h.67ef3d56.trap (main_linux.cpp.ede3e287_0.trap.tar.zst) (408 of 768)
[2026-03-02 10:30:49] Scanning is_array.h.4ec2670a.trap (main_linux.cpp.ede3e287_0.trap.tar.zst) (409 of 768)
[2026-03-02 10:30:49] Scanning remove_extent.h.15b34852.trap (main_linux.cpp.ede3e287_0.trap.tar.zst) (410 of 768)
[2026-03-02 10:30:49] Scanning decay.h.1f48fe4e.trap (main_linux.cpp.ede3e287_0.trap.tar.zst) (411 of 768)
[2026-03-02 10:30:49] Scanning remove_cvref.h.1844d39b.trap (main_linux.cpp.ede3e287_0.trap.tar.zst) (412 of 768)
[2026-03-02 10:30:49] Scanning void_t.h.f3aadd1f.trap (main_linux.cpp.ede3e287_0.trap.tar.zst) (413 of 768)
[2026-03-02 10:30:49] Scanning declval.h.97cf0a01.trap (main_linux.cpp.ede3e287_0.trap.tar.zst) (414 of 768)
[2026-03-02 10:30:49] Scanning empty.h.f5a4554d.trap (main_linux.cpp.ede3e287_0.trap.tar.zst) (415 of 768)
[2026-03-02 10:30:49] Scanning common_type.h.683a438e.trap (main_linux.cpp.ede3e287_0.trap.tar.zst) (416 of 768)
[2026-03-02 10:30:49] Scanning extent.h.36a01793.trap (main_linux.cpp.ede3e287_0.trap.tar.zst) (417 of 768)
[2026-03-02 10:30:49] Scanning has_virtual_destructor.h.7ecedad9.trap (main_linux.cpp.ede3e287_0.trap.tar.zst) (418 of 768)
[2026-03-02 10:30:49] Scanning is_abstract.h.a04945f8.trap (main_linux.cpp.ede3e287_0.trap.tar.zst) (419 of 768)
[2026-03-02 10:30:49] Scanning is_floating_point.h.d607e5ed.trap (main_linux.cpp.ede3e287_0.trap.tar.zst) (420 of 768)
[2026-03-02 10:30:49] Scanning is_arithmetic.h.04e082d7.trap (main_linux.cpp.ede3e287_0.trap.tar.zst) (421 of 768)
[2026-03-02 10:30:49] Scanning is_assignable.h.4d568631.trap (main_linux.cpp.ede3e287_0.trap.tar.zst) (422 of 768)
[2026-03-02 10:30:49] Scanning is_base_of.h.67b68483.trap (main_linux.cpp.ede3e287_0.trap.tar.zst) (423 of 768)
[2026-03-02 10:30:49] Scanning is_class.h.8c4d3bd9.trap (main_linux.cpp.ede3e287_0.trap.tar.zst) (424 of 768)
[2026-03-02 10:30:49] Scanning is_null_pointer.h.27b8e76e.trap (main_linux.cpp.ede3e287_0.trap.tar.zst) (425 of 768)
[2026-03-02 10:30:49] Scanning is_fundamental.h.7bbe0c41.trap (main_linux.cpp.ede3e287_0.trap.tar.zst) (426 of 768)
[2026-03-02 10:30:49] Scanning is_compound.h.8f186770.trap (main_linux.cpp.ede3e287_0.trap.tar.zst) (427 of 768)
[2026-03-02 10:30:49] Scanning is_const.h.17688c00.trap (main_linux.cpp.ede3e287_0.trap.tar.zst) (428 of 768)
[2026-03-02 10:30:49] Scanning is_constructible.h.0afa32f1.trap (main_linux.cpp.ede3e287_0.trap.tar.zst) (429 of 768)
[2026-03-02 10:30:49] Scanning is_convertible.h.fc176a72.trap (main_linux.cpp.ede3e287_0.trap.tar.zst) (430 of 768)
[2026-03-02 10:30:49] Scanning is_reference.h.2300606c.trap (main_linux.cpp.ede3e287_0.trap.tar.zst) (431 of 768)
[2026-03-02 10:30:49] Scanning remove_all_extents.h.3151e9e8.trap (main_linux.cpp.ede3e287_0.trap.tar.zst) (432 of 768)
[2026-03-02 10:30:49] Scanning is_destructible.h.3cd14ab5.trap (main_linux.cpp.ede3e287_0.trap.tar.zst) (433 of 768)
[2026-03-02 10:30:49] Scanning is_empty.h.b1691d3c.trap (main_linux.cpp.ede3e287_0.trap.tar.zst) (434 of 768)
[2026-03-02 10:30:49] Scanning is_enum.h.4b0225c8.trap (main_linux.cpp.ede3e287_0.trap.tar.zst) (435 of 768)
[2026-03-02 10:30:49] Scanning is_literal_type.h.5a925bbd.trap (main_linux.cpp.ede3e287_0.trap.tar.zst) (436 of 768)
[2026-03-02 10:30:49] Scanning is_member_pointer.h.4afbb384.trap (main_linux.cpp.ede3e287_0.trap.tar.zst) (437 of 768)
[2026-03-02 10:30:49] Scanning is_nothrow_assignable.h.eed91533.trap (main_linux.cpp.ede3e287_0.trap.tar.zst) (438 of 768)
[2026-03-02 10:30:49] Scanning is_nothrow_constructible.h.11bb6224.trap (main_linux.cpp.ede3e287_0.trap.tar.zst) (439 of 768)
[2026-03-02 10:30:49] Scanning is_nothrow_destructible.h.a8ca471b.trap (main_linux.cpp.ede3e287_0.trap.tar.zst) (440 of 768)
[2026-03-02 10:30:49] Scanning is_object.h.f201ded0.trap (main_linux.cpp.ede3e287_0.trap.tar.zst) (441 of 768)
[2026-03-02 10:30:49] Scanning is_pod.h.ffd39dce.trap (main_linux.cpp.ede3e287_0.trap.tar.zst) (442 of 768)
[2026-03-02 10:30:49] Scanning is_pointer.h.b955bf4c.trap (main_linux.cpp.ede3e287_0.trap.tar.zst) (443 of 768)
[2026-03-02 10:30:49] Scanning is_polymorphic.h.e1d1f96e.trap (main_linux.cpp.ede3e287_0.trap.tar.zst) (444 of 768)
[2026-03-02 10:30:49] Scanning is_scalar.h.4f0256e4.trap (main_linux.cpp.ede3e287_0.trap.tar.zst) (445 of 768)
[2026-03-02 10:30:49] Scanning is_signed.h.b430b6bf.trap (main_linux.cpp.ede3e287_0.trap.tar.zst) (446 of 768)
[2026-03-02 10:30:49] Scanning is_standard_layout.h.328d5569.trap (main_linux.cpp.ede3e287_0.trap.tar.zst) (447 of 768)
[2026-03-02 10:30:49] Scanning is_trivial.h.36a62779.trap (main_linux.cpp.ede3e287_0.trap.tar.zst) (448 of 768)
[2026-03-02 10:30:49] Scanning is_trivially_assignable.h.f9f72414.trap (main_linux.cpp.ede3e287_0.trap.tar.zst) (449 of 768)
[2026-03-02 10:30:49] Scanning is_trivially_constructible.h.504ff41d.trap (main_linux.cpp.ede3e287_0.trap.tar.zst) (450 of 768)
[2026-03-02 10:30:49] Scanning cstdint.bb859daf.trap (main_linux.cpp.ede3e287_0.trap.tar.zst) (451 of 768)
[2026-03-02 10:30:49] Scanning is_trivially_copyable.h.a7ec619a.trap (main_linux.cpp.ede3e287_0.trap.tar.zst) (452 of 768)
[2026-03-02 10:30:49] Scanning is_trivially_destructible.h.74003368.trap (main_linux.cpp.ede3e287_0.trap.tar.zst) (453 of 768)
[2026-03-02 10:30:49] Scanning is_union.h.e6cb7a14.trap (main_linux.cpp.ede3e287_0.trap.tar.zst) (454 of 768)
[2026-03-02 10:30:49] Scanning is_unsigned.h.d7bed496.trap (main_linux.cpp.ede3e287_0.trap.tar.zst) (455 of 768)
[2026-03-02 10:30:49] Scanning is_volatile.h.4b609ca6.trap (main_linux.cpp.ede3e287_0.trap.tar.zst) (456 of 768)
[2026-03-02 10:30:49] Scanning copy_cv.h.46bf3537.trap (main_linux.cpp.ede3e287_0.trap.tar.zst) (457 of 768)
[2026-03-02 10:30:49] Scanning make_signed.h.eaa72c60.trap (main_linux.cpp.ede3e287_0.trap.tar.zst) (458 of 768)
[2026-03-02 10:30:49] Scanning make_unsigned.h.77c41bb9.trap (main_linux.cpp.ede3e287_0.trap.tar.zst) (459 of 768)
[2026-03-02 10:30:49] Scanning rank.h.8c8ddb30.trap (main_linux.cpp.ede3e287_0.trap.tar.zst) (460 of 768)
[2026-03-02 10:30:49] Scanning remove_const.h.a801e983.trap (main_linux.cpp.ede3e287_0.trap.tar.zst) (461 of 768)
[2026-03-02 10:30:49] Scanning remove_pointer.h.7950e28b.trap (main_linux.cpp.ede3e287_0.trap.tar.zst) (462 of 768)
[2026-03-02 10:30:49] Scanning remove_volatile.h.4679050a.trap (main_linux.cpp.ede3e287_0.trap.tar.zst) (463 of 768)
[2026-03-02 10:30:49] Scanning is_core_convertible.h.9559d7b3.trap (main_linux.cpp.ede3e287_0.trap.tar.zst) (464 of 768)
[2026-03-02 10:30:49] Scanning functional.h.44f78f6e.trap (main_linux.cpp.ede3e287_0.trap.tar.zst) (465 of 768)
[2026-03-02 10:30:49] Scanning is_reference_wrapper.h.6613f0dc.trap (main_linux.cpp.ede3e287_0.trap.tar.zst) (466 of 768)
[2026-03-02 10:30:49] Scanning nat.h.70cb6321.trap (main_linux.cpp.ede3e287_0.trap.tar.zst) (467 of 768)
[2026-03-02 10:30:49] Scanning forward.h.7db6f0ec.trap (main_linux.cpp.ede3e287_0.trap.tar.zst) (468 of 768)
[2026-03-02 10:30:49] Scanning invoke.h.eafbcbdc.trap (main_linux.cpp.ede3e287_0.trap.tar.zst) (469 of 768)
[2026-03-02 10:30:49] Scanning result_of.h.2f2401e4.trap (main_linux.cpp.ede3e287_0.trap.tar.zst) (470 of 768)
[2026-03-02 10:30:49] Scanning underlying_type.h.a0863ca2.trap (main_linux.cpp.ede3e287_0.trap.tar.zst) (471 of 768)
[2026-03-02 10:30:49] Scanning is_final.h.3ec36049.trap (main_linux.cpp.ede3e287_0.trap.tar.zst) (472 of 768)
[2026-03-02 10:30:49] Scanning conjunction.h.d55375d3.trap (main_linux.cpp.ede3e287_0.trap.tar.zst) (473 of 768)
[2026-03-02 10:30:49] Scanning disjunction.h.beb8101b.trap (main_linux.cpp.ede3e287_0.trap.tar.zst) (474 of 768)
[2026-03-02 10:30:49] Scanning has_unique_object_representation.h.c12c0320.trap (main_linux.cpp.ede3e287_0.trap.tar.zst) (475 of 768)
[2026-03-02 10:30:49] Scanning is_aggregate.h.b64ef48e.trap (main_linux.cpp.ede3e287_0.trap.tar.zst) (476 of 768)
[2026-03-02 10:30:49] Scanning is_swappable.h.7e0a61f9.trap (main_linux.cpp.ede3e287_0.trap.tar.zst) (477 of 768)
[2026-03-02 10:30:49] Scanning negation.h.01abc51e.trap (main_linux.cpp.ede3e287_0.trap.tar.zst) (478 of 768)
[2026-03-02 10:30:49] Scanning type_traits.1e7b0f37.trap (main_linux.cpp.ede3e287_0.trap.tar.zst) (479 of 768)
[2026-03-02 10:30:49] Scanning new.f0bb9d35.trap (main_linux.cpp.ede3e287_0.trap.tar.zst) (480 of 768)
[2026-03-02 10:30:49] Scanning std_testcase.h.092002d9.trap (main_linux.cpp.ede3e287_0.trap.tar.zst) (481 of 768)
[2026-03-02 10:30:49] Scanning std_testcase_io.h.458bb84c.trap (main_linux.cpp.ede3e287_0.trap.tar.zst) (482 of 768)
[2026-03-02 10:30:49] Scanning std_testcase.h.a8ca2a90.trap (main_linux.cpp.ede3e287_0.trap.tar.zst) (483 of 768)
[2026-03-02 10:30:49] Scanning testcases.h.dc60ddcb.trap (main_linux.cpp.ede3e287_0.trap.tar.zst) (484 of 768)
[2026-03-02 10:30:49] Scanning main_linux.cpp.ede3e287.trap (main_linux.cpp.ede3e287_0.trap.tar.zst) (485 of 768)
[2026-03-02 10:30:49] Scanning c064f8b334b0cffde39d1235.trap (main_linux.cpp.ede3e287_0.trap.tar.zst) (486 of 768)
[2026-03-02 10:30:49] Scanning 6abb706dfbfd7c819505d0d3.trap (main_linux.cpp.ede3e287_0.trap.tar.zst) (487 of 768)
[2026-03-02 10:30:49] Scanning 33520fae096ad5d017bbee3c.trap (main_linux.cpp.ede3e287_0.trap.tar.zst) (488 of 768)
[2026-03-02 10:30:49] Scanning 475561c5aa77b770d1cdca66.trap (main_linux.cpp.ede3e287_0.trap.tar.zst) (489 of 768)
[2026-03-02 10:30:49] Scanning f0d5460b92d1d58c4dae8583.trap (main_linux.cpp.ede3e287_0.trap.tar.zst) (490 of 768)
[2026-03-02 10:30:49] Scanning 686596f7fac091713689ebb3.trap (main_linux.cpp.ede3e287_0.trap.tar.zst) (491 of 768)
[2026-03-02 10:30:49] Scanning 57ddebf06a780317a020144f.trap (main_linux.cpp.ede3e287_0.trap.tar.zst) (492 of 768)
[2026-03-02 10:30:49] Scanning c2fe4cde6b9733c2ebb218a1.trap (main_linux.cpp.ede3e287_0.trap.tar.zst) (493 of 768)
[2026-03-02 10:30:49] Scanning 825ee34d93d0f721edb457f8.trap (main_linux.cpp.ede3e287_0.trap.tar.zst) (494 of 768)
[2026-03-02 10:30:49] Scanning d9bde826eac9f3a46bdf4efd.trap (main_linux.cpp.ede3e287_0.trap.tar.zst) (495 of 768)
[2026-03-02 10:30:49] Scanning 4e20a364135c5ffc707ffd5e.trap (main_linux.cpp.ede3e287_0.trap.tar.zst) (496 of 768)
[2026-03-02 10:30:49] Scanning 06a67a17593df9f3124b2167.trap (main_linux.cpp.ede3e287_0.trap.tar.zst) (497 of 768)
[2026-03-02 10:30:49] Scanning d7a334b63392258ff8bd30af.trap (main_linux.cpp.ede3e287_0.trap.tar.zst) (498 of 768)
[2026-03-02 10:30:49] Scanning 8edaa030622d354cc4f5849d.trap (main_linux.cpp.ede3e287_0.trap.tar.zst) (499 of 768)
[2026-03-02 10:30:49] Scanning 67ceb97c6226ab101ed52ea9.trap (main_linux.cpp.ede3e287_0.trap.tar.zst) (500 of 768)
[2026-03-02 10:30:49] Scanning fdfb36b1d7ae6df2b8a641c0.trap (main_linux.cpp.ede3e287_0.trap.tar.zst) (501 of 768)
[2026-03-02 10:30:49] Scanning 099a5b1103b16f8ad7e84656.trap (main_linux.cpp.ede3e287_0.trap.tar.zst) (502 of 768)
[2026-03-02 10:30:49] Scanning 94854fbc70e760e2d6cc8eb8.trap (main_linux.cpp.ede3e287_0.trap.tar.zst) (503 of 768)
[2026-03-02 10:30:49] Scanning 0aa46f2c458a49881b26f5fe.trap (main_linux.cpp.ede3e287_0.trap.tar.zst) (504 of 768)
[2026-03-02 10:30:49] Scanning 446298d49897ba57520a51ec.trap (main_linux.cpp.ede3e287_0.trap.tar.zst) (505 of 768)
[2026-03-02 10:30:49] Scanning 45d2215fea59244015fef3b2.trap (main_linux.cpp.ede3e287_0.trap.tar.zst) (506 of 768)
[2026-03-02 10:30:49] Scanning 8ac20cf3e81cb0cdf3dccfae.trap (main_linux.cpp.ede3e287_0.trap.tar.zst) (507 of 768)
[2026-03-02 10:30:49] Scanning bf5b58d3ae6c713c78abadf5.trap (main_linux.cpp.ede3e287_0.trap.tar.zst) (508 of 768)
[2026-03-02 10:30:49] Scanning 0491481e616d59956db358b5.trap (main_linux.cpp.ede3e287_0.trap.tar.zst) (509 of 768)
[2026-03-02 10:30:49] Scanning cd2653762cd289d9cf85ec5e.trap (main_linux.cpp.ede3e287_0.trap.tar.zst) (510 of 768)
[2026-03-02 10:30:49] Scanning ca98832c81c818e31db0db66.trap (main_linux.cpp.ede3e287_0.trap.tar.zst) (511 of 768)
[2026-03-02 10:30:49] Scanning 96a67accf0685e9ec9bffc78.trap (main_linux.cpp.ede3e287_0.trap.tar.zst) (512 of 768)
[2026-03-02 10:30:49] Scanning 8c02c8e69278fa4ff795b34b.trap (main_linux.cpp.ede3e287_0.trap.tar.zst) (513 of 768)
[2026-03-02 10:30:49] Scanning 55338263b214f4fc61393ce1.trap (main_linux.cpp.ede3e287_0.trap.tar.zst) (514 of 768)
[2026-03-02 10:30:49] Scanning 195733ebd5496efaf662c1e0.trap (main_linux.cpp.ede3e287_0.trap.tar.zst) (515 of 768)
[2026-03-02 10:30:49] Scanning fc73d0cd5db16bc45ab2156c.trap (main_linux.cpp.ede3e287_0.trap.tar.zst) (516 of 768)
[2026-03-02 10:30:49] Scanning 08d9562c1f55a0fe34cc5c55.trap (main_linux.cpp.ede3e287_0.trap.tar.zst) (517 of 768)
[2026-03-02 10:30:49] Scanning 21bcce461ca8ebd3b577be42.trap (main_linux.cpp.ede3e287_0.trap.tar.zst) (518 of 768)
[2026-03-02 10:30:49] Scanning ae88970f98f195400c06330d.trap (main_linux.cpp.ede3e287_0.trap.tar.zst) (519 of 768)
[2026-03-02 10:30:49] Scanning 6b4379ce9911a3e56ea44bca.trap (main_linux.cpp.ede3e287_0.trap.tar.zst) (520 of 768)
[2026-03-02 10:30:49] Scanning d5d711f6d4aa889dbcabc9cd.trap (main_linux.cpp.ede3e287_0.trap.tar.zst) (521 of 768)
[2026-03-02 10:30:49] Scanning 03af5b5119edb6183c9515cc.trap (main_linux.cpp.ede3e287_0.trap.tar.zst) (522 of 768)
[2026-03-02 10:30:49] Scanning cb04a7e3fccd652c66ee6595.trap (main_linux.cpp.ede3e287_0.trap.tar.zst) (523 of 768)
[2026-03-02 10:30:49] Scanning bc884657fb878b8e047d0e01.trap (main_linux.cpp.ede3e287_0.trap.tar.zst) (524 of 768)
[2026-03-02 10:30:49] Scanning 628c2f404636e3bb99034199.trap (main_linux.cpp.ede3e287_0.trap.tar.zst) (525 of 768)
[2026-03-02 10:30:49] Scanning 4daab2aa2271080deba33e46.trap (main_linux.cpp.ede3e287_0.trap.tar.zst) (526 of 768)
[2026-03-02 10:30:49] Scanning a2a9a115edc067e26887263b.trap (main_linux.cpp.ede3e287_0.trap.tar.zst) (527 of 768)
[2026-03-02 10:30:49] Scanning 8ce93ef1e0c04c3b69190984.trap (main_linux.cpp.ede3e287_0.trap.tar.zst) (528 of 768)
[2026-03-02 10:30:49] Scanning 724bf51f3cab7845109cfb57.trap (main_linux.cpp.ede3e287_0.trap.tar.zst) (529 of 768)
[2026-03-02 10:30:49] Scanning bd20015b783201f2e604bd1b.trap (main_linux.cpp.ede3e287_0.trap.tar.zst) (530 of 768)
[2026-03-02 10:30:49] Scanning c9ed07e2afa851e5eec0e6cc.trap (main_linux.cpp.ede3e287_0.trap.tar.zst) (531 of 768)
[2026-03-02 10:30:49] Scanning b82b469ddeb873eb112b5469.trap (main_linux.cpp.ede3e287_0.trap.tar.zst) (532 of 768)
[2026-03-02 10:30:49] Scanning 00fdc3dc00b492681404b7e2.trap (main_linux.cpp.ede3e287_0.trap.tar.zst) (533 of 768)
[2026-03-02 10:30:49] Scanning 6adbb0ecba5a1de8074a31c5.trap (main_linux.cpp.ede3e287_0.trap.tar.zst) (534 of 768)
[2026-03-02 10:30:49] Scanning 17041da5957470c1517d365f.trap (main_linux.cpp.ede3e287_0.trap.tar.zst) (535 of 768)
[2026-03-02 10:30:49] Scanning f6c9be4b8b59cefd17e765b0.trap (main_linux.cpp.ede3e287_0.trap.tar.zst) (536 of 768)
[2026-03-02 10:30:49] Scanning 601aeba41d20babe24b21403.trap (main_linux.cpp.ede3e287_0.trap.tar.zst) (537 of 768)
[2026-03-02 10:30:49] Scanning 337851f06fb11f363ac5a297.trap (main_linux.cpp.ede3e287_0.trap.tar.zst) (538 of 768)
[2026-03-02 10:30:49] Scanning 9e8fa0fa1f254fce3a2573ee.trap (main_linux.cpp.ede3e287_0.trap.tar.zst) (539 of 768)
[2026-03-02 10:30:49] Scanning 8194d785fb4ac6e6afef4a9c.trap (main_linux.cpp.ede3e287_0.trap.tar.zst) (540 of 768)
[2026-03-02 10:30:49] Scanning 9c14bfa81baac1cb343e49ed.trap (main_linux.cpp.ede3e287_0.trap.tar.zst) (541 of 768)
[2026-03-02 10:30:49] Scanning 2f155feb30df4d5684b79379.trap (main_linux.cpp.ede3e287_0.trap.tar.zst) (542 of 768)
[2026-03-02 10:30:49] Scanning 5947fcfea1d8c669060a31e9.trap (main_linux.cpp.ede3e287_0.trap.tar.zst) (543 of 768)
[2026-03-02 10:30:49] Scanning 6c25e6ba5b910ce6d853dbbe.trap (main_linux.cpp.ede3e287_0.trap.tar.zst) (544 of 768)
[2026-03-02 10:30:49] Scanning b375cdc21ec780ea6e0ba39d.trap (main_linux.cpp.ede3e287_0.trap.tar.zst) (545 of 768)
[2026-03-02 10:30:49] Scanning bffcadd7f90f5fa1486deac8.trap (main_linux.cpp.ede3e287_0.trap.tar.zst) (546 of 768)
[2026-03-02 10:30:49] Scanning 49b5699b0f73b313fa5ac9d6.trap (main_linux.cpp.ede3e287_0.trap.tar.zst) (547 of 768)
[2026-03-02 10:30:49] Scanning 1705415d991d28f70352156d.trap (main_linux.cpp.ede3e287_0.trap.tar.zst) (548 of 768)
[2026-03-02 10:30:49] Scanning d30cb1a56f2d0b4cfc6c5a0b.trap (main_linux.cpp.ede3e287_0.trap.tar.zst) (549 of 768)
[2026-03-02 10:30:49] Scanning 00dbe188a3b208cd11aa2b16.trap (main_linux.cpp.ede3e287_0.trap.tar.zst) (550 of 768)
[2026-03-02 10:30:49] Scanning c8479d1a41d94b0c17450fad.trap (main_linux.cpp.ede3e287_0.trap.tar.zst) (551 of 768)
[2026-03-02 10:30:49] Scanning 412a2501417ca5c31f743927.trap (main_linux.cpp.ede3e287_0.trap.tar.zst) (552 of 768)
[2026-03-02 10:30:49] Scanning 211cf6025d25b2b2c76a3117.trap (main_linux.cpp.ede3e287_0.trap.tar.zst) (553 of 768)
[2026-03-02 10:30:49] Scanning 3310d346811b64fdab77de87.trap (main_linux.cpp.ede3e287_0.trap.tar.zst) (554 of 768)
[2026-03-02 10:30:49] Scanning c28c2f987292b4bab97df5aa.trap (main_linux.cpp.ede3e287_0.trap.tar.zst) (555 of 768)
[2026-03-02 10:30:49] Scanning c09bcb1773c5f2f3ea3b5586.trap (main_linux.cpp.ede3e287_0.trap.tar.zst) (556 of 768)
[2026-03-02 10:30:49] Scanning dfea5cbe25b58ba85c614e62.trap (main_linux.cpp.ede3e287_0.trap.tar.zst) (557 of 768)
[2026-03-02 10:30:49] Scanning ad150d8e27a9275212be4763.trap (main_linux.cpp.ede3e287_0.trap.tar.zst) (558 of 768)
[2026-03-02 10:30:49] Scanning 196c83c1d35ddd9436e0657c.trap (main_linux.cpp.ede3e287_0.trap.tar.zst) (559 of 768)
[2026-03-02 10:30:49] Scanning 329c452f01dd768af3d4072a.trap (main_linux.cpp.ede3e287_0.trap.tar.zst) (560 of 768)
[2026-03-02 10:30:49] Scanning af330dac08d3837616d350a1.trap (main_linux.cpp.ede3e287_0.trap.tar.zst) (561 of 768)
[2026-03-02 10:30:49] Scanning 9d32c18f8d79c1d13f24fa5b.trap (main_linux.cpp.ede3e287_0.trap.tar.zst) (562 of 768)
[2026-03-02 10:30:49] Scanning b0ddbafc0f61013d13cadb8e.trap (main_linux.cpp.ede3e287_0.trap.tar.zst) (563 of 768)
[2026-03-02 10:30:49] Scanning 3e78f92bf154dada7e1c9d6d.trap (main_linux.cpp.ede3e287_0.trap.tar.zst) (564 of 768)
[2026-03-02 10:30:49] Scanning 5ed62ba5a4ca40ed0982e8e1.trap (main_linux.cpp.ede3e287_0.trap.tar.zst) (565 of 768)
[2026-03-02 10:30:49] Scanning 99150853595b1a8dba159c98.trap (main_linux.cpp.ede3e287_0.trap.tar.zst) (566 of 768)
[2026-03-02 10:30:49] Scanning 41838416d66d6fa3c393c97c.trap (main_linux.cpp.ede3e287_0.trap.tar.zst) (567 of 768)
[2026-03-02 10:30:49] Scanning 661b329a1711f5b04300049a.trap (main_linux.cpp.ede3e287_0.trap.tar.zst) (568 of 768)
[2026-03-02 10:30:49] Scanning 198f9bd8c41327064c7b0180.trap (main_linux.cpp.ede3e287_0.trap.tar.zst) (569 of 768)
[2026-03-02 10:30:49] Scanning accec548548ff3a2f9e927dc.trap (main_linux.cpp.ede3e287_0.trap.tar.zst) (570 of 768)
[2026-03-02 10:30:49] Scanning 7ddb4f2506b43c2b7c81fbea.trap (main_linux.cpp.ede3e287_0.trap.tar.zst) (571 of 768)
[2026-03-02 10:30:49] Scanning ec1e98296a031e9fa3c30e56.trap (main_linux.cpp.ede3e287_0.trap.tar.zst) (572 of 768)
[2026-03-02 10:30:49] Scanning 6551c59830ef87db973a5517.trap (main_linux.cpp.ede3e287_0.trap.tar.zst) (573 of 768)
[2026-03-02 10:30:49] Scanning 4810444b322ca7650e8dfabf.trap (main_linux.cpp.ede3e287_0.trap.tar.zst) (574 of 768)
[2026-03-02 10:30:49] Scanning f7ade7e25dbda8c85222ad93.trap (main_linux.cpp.ede3e287_0.trap.tar.zst) (575 of 768)
[2026-03-02 10:30:49] Scanning ebf30889033eeca5a3c45d69.trap (main_linux.cpp.ede3e287_0.trap.tar.zst) (576 of 768)
[2026-03-02 10:30:49] Scanning b0f87d1701a825ccad23a02d.trap (main_linux.cpp.ede3e287_0.trap.tar.zst) (577 of 768)
[2026-03-02 10:30:49] Scanning 4e54f9c87121418d6ab6259e.trap (main_linux.cpp.ede3e287_0.trap.tar.zst) (578 of 768)
[2026-03-02 10:30:49] Scanning 13750a048381984895b6cc96.trap (main_linux.cpp.ede3e287_0.trap.tar.zst) (579 of 768)
[2026-03-02 10:30:49] Scanning f05969431cb36b579617ee8f.trap (main_linux.cpp.ede3e287_0.trap.tar.zst) (580 of 768)
[2026-03-02 10:30:49] Scanning 8a39e5e38c272f94c28759d4.trap (main_linux.cpp.ede3e287_0.trap.tar.zst) (581 of 768)
[2026-03-02 10:30:49] Scanning 4a15600f366d407ceb1756a8.trap (main_linux.cpp.ede3e287_0.trap.tar.zst) (582 of 768)
[2026-03-02 10:30:49] Scanning d366e13ca02bc9bb8de4b836.trap (main_linux.cpp.ede3e287_0.trap.tar.zst) (583 of 768)
[2026-03-02 10:30:49] Scanning a6c738064cacb57491692b90.trap (main_linux.cpp.ede3e287_0.trap.tar.zst) (584 of 768)
[2026-03-02 10:30:49] Scanning 037d7b36fe59825bf3e9c87d.trap (main_linux.cpp.ede3e287_0.trap.tar.zst) (585 of 768)
[2026-03-02 10:30:49] Scanning daac980d61bf275c1d0ae43c.trap (main_linux.cpp.ede3e287_0.trap.tar.zst) (586 of 768)
[2026-03-02 10:30:49] Scanning e582d6e86c887d04f612becd.trap (main_linux.cpp.ede3e287_0.trap.tar.zst) (587 of 768)
[2026-03-02 10:30:49] Scanning 3a7819bcdb077a63d9961636.trap (main_linux.cpp.ede3e287_0.trap.tar.zst) (588 of 768)
[2026-03-02 10:30:49] Scanning 0723e77877c03e9227cfbdad.trap (main_linux.cpp.ede3e287_0.trap.tar.zst) (589 of 768)
[2026-03-02 10:30:49] Scanning 0ed56501b0368d2219c83bc5.trap (main_linux.cpp.ede3e287_0.trap.tar.zst) (590 of 768)
[2026-03-02 10:30:49] Scanning 38c4745642618c1baf6ff6d9.trap (main_linux.cpp.ede3e287_0.trap.tar.zst) (591 of 768)
[2026-03-02 10:30:49] Scanning fe85b39e362c6579cd5e7e35.trap (main_linux.cpp.ede3e287_0.trap.tar.zst) (592 of 768)
[2026-03-02 10:30:49] Scanning 4dc2c081d67ade784149ce1c.trap (main_linux.cpp.ede3e287_0.trap.tar.zst) (593 of 768)
[2026-03-02 10:30:49] Scanning 3bc0ab00b78b25e2d29a8c79.trap (main_linux.cpp.ede3e287_0.trap.tar.zst) (594 of 768)
[2026-03-02 10:30:49] Scanning c42f0b63fff9b549f23e11b1.trap (main_linux.cpp.ede3e287_0.trap.tar.zst) (595 of 768)
[2026-03-02 10:30:49] Scanning 03d6c7c6d577ff62d97370c0.trap (main_linux.cpp.ede3e287_0.trap.tar.zst) (596 of 768)
[2026-03-02 10:30:49] Scanning 3dafff49c0b52943150700bd.trap (main_linux.cpp.ede3e287_0.trap.tar.zst) (597 of 768)
[2026-03-02 10:30:49] Scanning 8ce96903be1a3c5349d13ec5.trap (main_linux.cpp.ede3e287_0.trap.tar.zst) (598 of 768)
[2026-03-02 10:30:49] Scanning 7aa47ded7f3010f10aba7663.trap (main_linux.cpp.ede3e287_0.trap.tar.zst) (599 of 768)
[2026-03-02 10:30:49] Scanning 8a0c4b3a3e82f350791d5dc2.trap (main_linux.cpp.ede3e287_0.trap.tar.zst) (600 of 768)
[2026-03-02 10:30:49] Scanning 48017d8e06b2775d9e7c24ab.trap (main_linux.cpp.ede3e287_0.trap.tar.zst) (601 of 768)
[2026-03-02 10:30:49] Scanning 9554876e2a8d597a0b3baa0c.trap (main_linux.cpp.ede3e287_0.trap.tar.zst) (602 of 768)
[2026-03-02 10:30:49] Scanning e5a9b4bdf27a6d694e8ce630.trap (main_linux.cpp.ede3e287_0.trap.tar.zst) (603 of 768)
[2026-03-02 10:30:49] Scanning 4399dcc48e452aecd6414b39.trap (main_linux.cpp.ede3e287_0.trap.tar.zst) (604 of 768)
[2026-03-02 10:30:49] Scanning 388b7a59ace05b2ba7245abd.trap (main_linux.cpp.ede3e287_0.trap.tar.zst) (605 of 768)
[2026-03-02 10:30:49] Scanning b6e10bb1e3f6ffbe4377c18c.trap (main_linux.cpp.ede3e287_0.trap.tar.zst) (606 of 768)
[2026-03-02 10:30:49] Scanning a8e5bcebf70dc42d13403bab.trap (main_linux.cpp.ede3e287_0.trap.tar.zst) (607 of 768)
[2026-03-02 10:30:49] Scanning 866ab33cebc57a49864e6a37.trap (main_linux.cpp.ede3e287_0.trap.tar.zst) (608 of 768)
[2026-03-02 10:30:49] Scanning b022e1fd1a3d1517fc89b5d3.trap (main_linux.cpp.ede3e287_0.trap.tar.zst) (609 of 768)
[2026-03-02 10:30:49] Scanning 2c85bb4bd732807924c95df1.trap (main_linux.cpp.ede3e287_0.trap.tar.zst) (610 of 768)
[2026-03-02 10:30:49] Scanning 48a37d57acf57ddbb812b764.trap (main_linux.cpp.ede3e287_0.trap.tar.zst) (611 of 768)
[2026-03-02 10:30:49] Scanning 3dc297f2765e1441a75a30e9.trap (main_linux.cpp.ede3e287_0.trap.tar.zst) (612 of 768)
[2026-03-02 10:30:49] Scanning add4a4ed1bc5324fa932ce6b.trap (main_linux.cpp.ede3e287_0.trap.tar.zst) (613 of 768)
[2026-03-02 10:30:49] Scanning 0e7b88346b588c9d58802435.trap (main_linux.cpp.ede3e287_0.trap.tar.zst) (614 of 768)
[2026-03-02 10:30:49] Scanning 1b36e37f301556f412eb17e9.trap (main_linux.cpp.ede3e287_0.trap.tar.zst) (615 of 768)
[2026-03-02 10:30:49] Scanning 4a8f8d586c182d6904120940.trap (main_linux.cpp.ede3e287_0.trap.tar.zst) (616 of 768)
[2026-03-02 10:30:49] Scanning 81f8b60a5ec803b516270e37.trap (main_linux.cpp.ede3e287_0.trap.tar.zst) (617 of 768)
[2026-03-02 10:30:49] Scanning d06652ca7e6694d35ed99bd9.trap (main_linux.cpp.ede3e287_0.trap.tar.zst) (618 of 768)
[2026-03-02 10:30:49] Scanning 748602a6cfd9f09a9c98d20a.trap (main_linux.cpp.ede3e287_0.trap.tar.zst) (619 of 768)
[2026-03-02 10:30:49] Scanning c5aa353d1f6116ac62c083d2.trap (main_linux.cpp.ede3e287_0.trap.tar.zst) (620 of 768)
[2026-03-02 10:30:49] Scanning 9349fdf2a5cb36ded2395ea9.trap (main_linux.cpp.ede3e287_0.trap.tar.zst) (621 of 768)
[2026-03-02 10:30:49] Scanning 752d3347c09f6cdab137b403.trap (main_linux.cpp.ede3e287_0.trap.tar.zst) (622 of 768)
[2026-03-02 10:30:49] Scanning 30d082079cdbb5ab9f05f81d.trap (main_linux.cpp.ede3e287_0.trap.tar.zst) (623 of 768)
[2026-03-02 10:30:49] Scanning 3aa674e7dee266fe020e010d.trap (main_linux.cpp.ede3e287_0.trap.tar.zst) (624 of 768)
[2026-03-02 10:30:49] Scanning ef8c7f75bdf49e627921045d.trap (main_linux.cpp.ede3e287_0.trap.tar.zst) (625 of 768)
[2026-03-02 10:30:49] Scanning 3e66f1226f159ffacaac91a9.trap (main_linux.cpp.ede3e287_0.trap.tar.zst) (626 of 768)
[2026-03-02 10:30:49] Scanning 3593398af55f6594b511fca5.trap (main_linux.cpp.ede3e287_0.trap.tar.zst) (627 of 768)
[2026-03-02 10:30:49] Scanning 747249aca062c5f200c38230.trap (main_linux.cpp.ede3e287_0.trap.tar.zst) (628 of 768)
[2026-03-02 10:30:49] Scanning e1ec3da01020d581564b8754.trap (main_linux.cpp.ede3e287_0.trap.tar.zst) (629 of 768)
[2026-03-02 10:30:49] Scanning df8d68188c0c64ba6755c3c3.trap (main_linux.cpp.ede3e287_0.trap.tar.zst) (630 of 768)
[2026-03-02 10:30:49] Scanning d77175d96fde930b353c1ab7.trap (main_linux.cpp.ede3e287_0.trap.tar.zst) (631 of 768)
[2026-03-02 10:30:49] Scanning 3e78e2cd05a4fdef82745822.trap (main_linux.cpp.ede3e287_0.trap.tar.zst) (632 of 768)
[2026-03-02 10:30:49] Scanning 95ec20d60de6de6cf280d3db.trap (main_linux.cpp.ede3e287_0.trap.tar.zst) (633 of 768)
[2026-03-02 10:30:49] Scanning 181b1989db1d3188d1961d79.trap (main_linux.cpp.ede3e287_0.trap.tar.zst) (634 of 768)
[2026-03-02 10:30:49] Scanning b173e5c8df4e2187cd51b226.trap (main_linux.cpp.ede3e287_0.trap.tar.zst) (635 of 768)
[2026-03-02 10:30:49] Scanning b643707376c716daa5d5f343.trap (main_linux.cpp.ede3e287_0.trap.tar.zst) (636 of 768)
[2026-03-02 10:30:49] Scanning a4dfb3ef35011a3c15aad7f2.trap (main_linux.cpp.ede3e287_0.trap.tar.zst) (637 of 768)
[2026-03-02 10:30:49] Scanning e32939b7b1397bc002e238d9.trap (main_linux.cpp.ede3e287_0.trap.tar.zst) (638 of 768)
[2026-03-02 10:30:49] Scanning 6b105593b3bc662c786cd228.trap (main_linux.cpp.ede3e287_0.trap.tar.zst) (639 of 768)
[2026-03-02 10:30:49] Scanning 3ae6d8eccf32db30562c1c6b.trap (main_linux.cpp.ede3e287_0.trap.tar.zst) (640 of 768)
[2026-03-02 10:30:49] Scanning b3b6064292b3ba4836366f76.trap (main_linux.cpp.ede3e287_0.trap.tar.zst) (641 of 768)
[2026-03-02 10:30:49] Scanning 6b9e31ce60d72e9a84ab8ec6.trap (main_linux.cpp.ede3e287_0.trap.tar.zst) (642 of 768)
[2026-03-02 10:30:49] Scanning 77cacd57e471b42c24fd68eb.trap (main_linux.cpp.ede3e287_0.trap.tar.zst) (643 of 768)
[2026-03-02 10:30:49] Scanning e1f28d77dd80ad2bf0482271.trap (main_linux.cpp.ede3e287_0.trap.tar.zst) (644 of 768)
[2026-03-02 10:30:49] Scanning 7ff1a0cdb5a45da913db40a8.trap (main_linux.cpp.ede3e287_0.trap.tar.zst) (645 of 768)
[2026-03-02 10:30:49] Scanning 6c2e6210fa6e6052c51fb946.trap (main_linux.cpp.ede3e287_0.trap.tar.zst) (646 of 768)
[2026-03-02 10:30:49] Scanning 9b9979ddecd98acd11e825a1.trap (main_linux.cpp.ede3e287_0.trap.tar.zst) (647 of 768)
[2026-03-02 10:30:49] Scanning 7a0e24972bdef7fc7213bb6b.trap (main_linux.cpp.ede3e287_0.trap.tar.zst) (648 of 768)
[2026-03-02 10:30:49] Scanning d023458bfd0a9b2f7b2d7860.trap (main_linux.cpp.ede3e287_0.trap.tar.zst) (649 of 768)
[2026-03-02 10:30:49] Scanning b0dba74dfe91a19d49893f4d.trap (main_linux.cpp.ede3e287_0.trap.tar.zst) (650 of 768)
[2026-03-02 10:30:49] Scanning cb254b7d332df1c1b06cbb94.trap (main_linux.cpp.ede3e287_0.trap.tar.zst) (651 of 768)
[2026-03-02 10:30:49] Scanning 3f8920ee56861b87ad1fe469.trap (main_linux.cpp.ede3e287_0.trap.tar.zst) (652 of 768)
[2026-03-02 10:30:49] Scanning 3528448d7b3034063b1458db.trap (main_linux.cpp.ede3e287_0.trap.tar.zst) (653 of 768)
[2026-03-02 10:30:49] Scanning 982f9fce471735cb9babdc32.trap (main_linux.cpp.ede3e287_0.trap.tar.zst) (654 of 768)
[2026-03-02 10:30:49] Scanning f85732e4db3ee3ff5a3f93ce.trap (main_linux.cpp.ede3e287_0.trap.tar.zst) (655 of 768)
[2026-03-02 10:30:49] Scanning 9e51ab5d924c84382951ce74.trap (main_linux.cpp.ede3e287_0.trap.tar.zst) (656 of 768)
[2026-03-02 10:30:49] Scanning 553c3edf31cee5ea7dc7944c.trap (main_linux.cpp.ede3e287_0.trap.tar.zst) (657 of 768)
[2026-03-02 10:30:49] Scanning 863d11858a5fe14b230fc53f.trap (main_linux.cpp.ede3e287_0.trap.tar.zst) (658 of 768)
[2026-03-02 10:30:49] Scanning 775e8124a58d1fc969bc57c1.trap (main_linux.cpp.ede3e287_0.trap.tar.zst) (659 of 768)
[2026-03-02 10:30:49] Scanning 483c0e4241ae26bff28a5a69.trap (main_linux.cpp.ede3e287_0.trap.tar.zst) (660 of 768)
[2026-03-02 10:30:49] Scanning 318ad88a424d4947fc148c4a.trap (main_linux.cpp.ede3e287_0.trap.tar.zst) (661 of 768)
[2026-03-02 10:30:49] Scanning b62bb79bd8615ff566f9950c.trap (main_linux.cpp.ede3e287_0.trap.tar.zst) (662 of 768)
[2026-03-02 10:30:49] Scanning 3a8281c94c422b987ab0b38a.trap (main_linux.cpp.ede3e287_0.trap.tar.zst) (663 of 768)
[2026-03-02 10:30:49] Scanning 4894e08379a7edcde3f165ba.trap (main_linux.cpp.ede3e287_0.trap.tar.zst) (664 of 768)
[2026-03-02 10:30:49] Scanning 7ddbdcfa23a6dc646d52e4d8.trap (main_linux.cpp.ede3e287_0.trap.tar.zst) (665 of 768)
[2026-03-02 10:30:49] Scanning af831228cbb6d15f1cc1fa8a.trap (main_linux.cpp.ede3e287_0.trap.tar.zst) (666 of 768)
[2026-03-02 10:30:49] Scanning e9b377d2ea4ad5aecca5a60c.trap (main_linux.cpp.ede3e287_0.trap.tar.zst) (667 of 768)
[2026-03-02 10:30:49] Scanning 53a587395dd3259bba17ab64.trap (main_linux.cpp.ede3e287_0.trap.tar.zst) (668 of 768)
[2026-03-02 10:30:49] Scanning bdb6020c6c129a228d5db0f7.trap (main_linux.cpp.ede3e287_0.trap.tar.zst) (669 of 768)
[2026-03-02 10:30:49] Scanning a61f31f6e4a29dacaeb928a0.trap (main_linux.cpp.ede3e287_0.trap.tar.zst) (670 of 768)
[2026-03-02 10:30:49] Scanning f6f0ef36ebb2c6ca251e65f3.trap (main_linux.cpp.ede3e287_0.trap.tar.zst) (671 of 768)
[2026-03-02 10:30:49] Scanning 7470bdd23ca7e22dda334ceb.trap (main_linux.cpp.ede3e287_0.trap.tar.zst) (672 of 768)
[2026-03-02 10:30:49] Scanning b003cc483e13f43645322c11.trap (main_linux.cpp.ede3e287_0.trap.tar.zst) (673 of 768)
[2026-03-02 10:30:49] Scanning 940f49da54d430d1d3ee49cb.trap (main_linux.cpp.ede3e287_0.trap.tar.zst) (674 of 768)
[2026-03-02 10:30:49] Scanning c25905527d2c8473ef385d0a.trap (main_linux.cpp.ede3e287_0.trap.tar.zst) (675 of 768)
[2026-03-02 10:30:49] Scanning ce5577f2a0658f9317406ceb.trap (main_linux.cpp.ede3e287_0.trap.tar.zst) (676 of 768)
[2026-03-02 10:30:49] Scanning 71e9a4f15ecc34f7cd77d0d2.trap (main_linux.cpp.ede3e287_0.trap.tar.zst) (677 of 768)
[2026-03-02 10:30:49] Scanning bf787ea5d5f689b168a4d941.trap (main_linux.cpp.ede3e287_0.trap.tar.zst) (678 of 768)
[2026-03-02 10:30:49] Scanning 2dc55bb75dcfefa7ccf79ae6.trap (main_linux.cpp.ede3e287_0.trap.tar.zst) (679 of 768)
[2026-03-02 10:30:49] Scanning 050824157f59c54fd307d2ef.trap (main_linux.cpp.ede3e287_0.trap.tar.zst) (680 of 768)
[2026-03-02 10:30:49] Scanning 4e68cd360d03cbef501b9fc9.trap (main_linux.cpp.ede3e287_0.trap.tar.zst) (681 of 768)
[2026-03-02 10:30:49] Scanning b137e704657b7049a1960f31.trap (main_linux.cpp.ede3e287_0.trap.tar.zst) (682 of 768)
[2026-03-02 10:30:49] Scanning b80cff7ee67783324791c940.trap (main_linux.cpp.ede3e287_0.trap.tar.zst) (683 of 768)
[2026-03-02 10:30:49] Scanning 16ffac790e18949bbd7cf212.trap (main_linux.cpp.ede3e287_0.trap.tar.zst) (684 of 768)
[2026-03-02 10:30:49] Scanning 2e49f3bce12aeabcec4e2357.trap (main_linux.cpp.ede3e287_0.trap.tar.zst) (685 of 768)
[2026-03-02 10:30:49] Scanning a9f34c675c2141532f96f9c0.trap (main_linux.cpp.ede3e287_0.trap.tar.zst) (686 of 768)
[2026-03-02 10:30:49] Scanning 8a9172b1fcc83ae5d5cb2aa4.trap (main_linux.cpp.ede3e287_0.trap.tar.zst) (687 of 768)
[2026-03-02 10:30:49] Scanning 7371de375dd446c7e2181f0d.trap (main_linux.cpp.ede3e287_0.trap.tar.zst) (688 of 768)
[2026-03-02 10:30:49] Scanning ef651124fd4c0893284b3a32.trap (main_linux.cpp.ede3e287_0.trap.tar.zst) (689 of 768)
[2026-03-02 10:30:49] Scanning d409487e4473190756dcb8c0.trap (main_linux.cpp.ede3e287_0.trap.tar.zst) (690 of 768)
[2026-03-02 10:30:49] Scanning d93d9857a317e99c220bc8b7.trap (main_linux.cpp.ede3e287_0.trap.tar.zst) (691 of 768)
[2026-03-02 10:30:49] Scanning b5de2892ba7deb4aae57b121.trap (main_linux.cpp.ede3e287_0.trap.tar.zst) (692 of 768)
[2026-03-02 10:30:49] Scanning 94c35a098d684fe06272e5b1.trap (main_linux.cpp.ede3e287_0.trap.tar.zst) (693 of 768)
[2026-03-02 10:30:49] Scanning c5a9e396aae8969252b7e8fa.trap (main_linux.cpp.ede3e287_0.trap.tar.zst) (694 of 768)
[2026-03-02 10:30:49] Scanning a7c1101d7f96f1869b69a660.trap (main_linux.cpp.ede3e287_0.trap.tar.zst) (695 of 768)
[2026-03-02 10:30:49] Scanning 1d1bd5aea8fefc65a058451a.trap (main_linux.cpp.ede3e287_0.trap.tar.zst) (696 of 768)
[2026-03-02 10:30:49] Scanning d38609015285658237e512ac.trap (main_linux.cpp.ede3e287_0.trap.tar.zst) (697 of 768)
[2026-03-02 10:30:49] Scanning 19f445eab3a244159dbc3883.trap (main_linux.cpp.ede3e287_0.trap.tar.zst) (698 of 768)
[2026-03-02 10:30:49] Scanning 65de63e7fa0f780de6d56948.trap (main_linux.cpp.ede3e287_0.trap.tar.zst) (699 of 768)
[2026-03-02 10:30:49] Scanning f184dbae8087f689b47f5377.trap (main_linux.cpp.ede3e287_0.trap.tar.zst) (700 of 768)
[2026-03-02 10:30:49] Scanning 13a9f427dfee58bbcc9c1e7c.trap (main_linux.cpp.ede3e287_0.trap.tar.zst) (701 of 768)
[2026-03-02 10:30:49] Scanning 9889e716cad45bb938b0948c.trap (main_linux.cpp.ede3e287_0.trap.tar.zst) (702 of 768)
[2026-03-02 10:30:49] Scanning 726ca88a785551529ceff48e.trap (main_linux.cpp.ede3e287_0.trap.tar.zst) (703 of 768)
[2026-03-02 10:30:49] Scanning 8c2af4a6505e4ebee14c3909.trap (main_linux.cpp.ede3e287_0.trap.tar.zst) (704 of 768)
[2026-03-02 10:30:49] Scanning 0474ce3bac650dbf395b299b.trap (main_linux.cpp.ede3e287_0.trap.tar.zst) (705 of 768)
[2026-03-02 10:30:49] Scanning b5022aedcab26e80997f2248.trap (main_linux.cpp.ede3e287_0.trap.tar.zst) (706 of 768)
[2026-03-02 10:30:49] Scanning 372120c624bb685654b466b3.trap (main_linux.cpp.ede3e287_0.trap.tar.zst) (707 of 768)
[2026-03-02 10:30:49] Scanning 1c69c7d65a096dda73bc6d5a.trap (main_linux.cpp.ede3e287_0.trap.tar.zst) (708 of 768)
[2026-03-02 10:30:49] Scanning 0301d2218f0a6f4f3e4091c9.trap (main_linux.cpp.ede3e287_0.trap.tar.zst) (709 of 768)
[2026-03-02 10:30:49] Scanning 279222ca5c35270d139b6dc1.trap (main_linux.cpp.ede3e287_0.trap.tar.zst) (710 of 768)
[2026-03-02 10:30:49] Scanning b6908d056c84adec3124df51.trap (main_linux.cpp.ede3e287_0.trap.tar.zst) (711 of 768)
[2026-03-02 10:30:49] Scanning 64b65c27d99848938a6b3143.trap (main_linux.cpp.ede3e287_0.trap.tar.zst) (712 of 768)
[2026-03-02 10:30:49] Scanning 09440e3ace92606fe679417b.trap (main_linux.cpp.ede3e287_0.trap.tar.zst) (713 of 768)
[2026-03-02 10:30:49] Scanning 0720e84bf9e6aef0267022e3.trap (main_linux.cpp.ede3e287_0.trap.tar.zst) (714 of 768)
[2026-03-02 10:30:49] Scanning 46784a934740b1f07d947e0d.trap (main_linux.cpp.ede3e287_0.trap.tar.zst) (715 of 768)
[2026-03-02 10:30:49] Scanning 95ecb29c7bba832445c71fef.trap (main_linux.cpp.ede3e287_0.trap.tar.zst) (716 of 768)
[2026-03-02 10:30:49] Scanning _inttypes.h.29aedf51.trap (io.c.3baa2186_0.trap.tar.zst) (717 of 768)
[2026-03-02 10:30:49] Scanning inttypes.h.34d60bf9.trap (io.c.3baa2186_0.trap.tar.zst) (718 of 768)
[2026-03-02 10:30:49] Scanning inttypes.h.deb1cbf0.trap (io.c.3baa2186_0.trap.tar.zst) (719 of 768)
[2026-03-02 10:30:49] Scanning _va_list.h.fd4ca4d0.trap (io.c.3baa2186_0.trap.tar.zst) (720 of 768)
[2026-03-02 10:30:49] Scanning _wctrans_t.h.8b23fe20.trap (io.c.3baa2186_0.trap.tar.zst) (721 of 768)
[2026-03-02 10:30:49] Scanning _wctype_t.h.040e2c2d.trap (io.c.3baa2186_0.trap.tar.zst) (722 of 768)
[2026-03-02 10:30:49] Scanning ___wctype.h.d757c3f3.trap (io.c.3baa2186_0.trap.tar.zst) (723 of 768)
[2026-03-02 10:30:49] Scanning __wctype.h.e309aaf8.trap (io.c.3baa2186_0.trap.tar.zst) (724 of 768)
[2026-03-02 10:30:49] Scanning _wctype.h.93a8c735.trap (io.c.3baa2186_0.trap.tar.zst) (725 of 768)
[2026-03-02 10:30:49] Scanning wctype.h.32500433.trap (io.c.3baa2186_0.trap.tar.zst) (726 of 768)
[2026-03-02 10:30:49] Scanning _mbstate_t.h.f164fcfb.trap (io.c.3baa2186_0.trap.tar.zst) (727 of 768)
[2026-03-02 10:30:49] Scanning __stdarg_header_macro.h.bfeb891a.trap (io.c.3baa2186_0.trap.tar.zst) (728 of 768)
[2026-03-02 10:30:49] Scanning __stdarg___gnuc_va_list.h.d9e307db.trap (io.c.3baa2186_0.trap.tar.zst) (729 of 768)
[2026-03-02 10:30:49] Scanning __stdarg_va_list.h.e2fa121d.trap (io.c.3baa2186_0.trap.tar.zst) (730 of 768)
[2026-03-02 10:30:49] Scanning __stdarg_va_arg.h.fd0eba9b.trap (io.c.3baa2186_0.trap.tar.zst) (731 of 768)
[2026-03-02 10:30:49] Scanning __stdarg___va_copy.h.bfeb891a.trap (io.c.3baa2186_0.trap.tar.zst) (732 of 768)
[2026-03-02 10:30:49] Scanning __stdarg_va_copy.h.bfeb891a.trap (io.c.3baa2186_0.trap.tar.zst) (733 of 768)
[2026-03-02 10:30:49] Scanning stdarg.h.8064bbc4.trap (io.c.3baa2186_0.trap.tar.zst) (734 of 768)
[2026-03-02 10:30:49] Scanning _wchar.h.f32b1f6d.trap (io.c.3baa2186_0.trap.tar.zst) (735 of 768)
[2026-03-02 10:30:49] Scanning wchar.h.a38ef3e2.trap (io.c.3baa2186_0.trap.tar.zst) (736 of 768)
[2026-03-02 10:30:49] Scanning io.c.3baa2186.trap (io.c.3baa2186_0.trap.tar.zst) (737 of 768)
[2026-03-02 10:30:49] Scanning pthread_impl.h.3750a28f.trap (std_thread.c.293efbb9_0.trap.tar.zst) (738 of 768)
[2026-03-02 10:30:49] Scanning sched.h.99e66e14.trap (std_thread.c.293efbb9_0.trap.tar.zst) (739 of 768)
[2026-03-02 10:30:49] Scanning qos.h.061f3cc9.trap (std_thread.c.293efbb9_0.trap.tar.zst) (740 of 768)
[2026-03-02 10:30:49] Scanning qos.h.f6141f2e.trap (std_thread.c.293efbb9_0.trap.tar.zst) (741 of 768)
[2026-03-02 10:30:49] Scanning _mach_port_t.h.5d66d8ae.trap (std_thread.c.293efbb9_0.trap.tar.zst) (742 of 768)
[2026-03-02 10:30:49] Scanning pthread.h.e9b7109f.trap (std_thread.c.293efbb9_0.trap.tar.zst) (743 of 768)
[2026-03-02 10:30:49] Scanning std_thread.h.4aaa7e60.trap (std_thread.c.293efbb9_0.trap.tar.zst) (744 of 768)
[2026-03-02 10:30:49] Scanning std_thread.c.293efbb9.trap (std_thread.c.293efbb9_0.trap.tar.zst) (745 of 768)
[2026-03-02 10:30:49] Scanning 66064872_0.trap.zst (746 of 768)
[2026-03-02 10:30:49] Scanning 49888871_0.trap.zst (747 of 768)
[2026-03-02 10:30:49] Scanning 15537297_0.trap.zst (748 of 768)
[2026-03-02 10:30:49] Scanning 23249977_0.trap.zst (749 of 768)
[2026-03-02 10:30:49] Scanning 42181871_0.trap.zst (750 of 768)
[2026-03-02 10:30:49] Scanning 4474573_0.trap.zst (751 of 768)
[2026-03-02 10:30:49] Scanning 12597388_0.trap.zst (752 of 768)
[2026-03-02 10:30:49] Scanning 47419857_0.trap.zst (753 of 768)
[2026-03-02 10:30:49] Scanning 64586922_0.trap.zst (754 of 768)
[2026-03-02 10:30:49] Scanning 4277248_0.trap.zst (755 of 768)
[2026-03-02 10:30:49] Scanning 47265272_0.trap.zst (756 of 768)
[2026-03-02 10:30:49] Scanning 59583876_0.trap.zst (757 of 768)
[2026-03-02 10:30:49] Scanning 59453682_0.trap.zst (758 of 768)
[2026-03-02 10:30:49] Scanning 47655054_0.trap.zst (759 of 768)
[2026-03-02 10:30:49] Scanning 58733908_0.trap.zst (760 of 768)
[2026-03-02 10:30:49] Scanning 12551558_0.trap.zst (761 of 768)
[2026-03-02 10:30:49] Scanning 50085034_0.trap.zst (762 of 768)
[2026-03-02 10:30:49] Scanning 57928706_0.trap.zst (763 of 768)
[2026-03-02 10:30:49] Scanning 15412392_0.trap.zst (764 of 768)
[2026-03-02 10:30:49] Scanning 52479623_0.trap.zst (765 of 768)
[2026-03-02 10:30:49] Scanning 15314382_0.trap.zst (766 of 768)
[2026-03-02 10:30:49] Scanning metadata.trap.gz (767 of 768)
[2026-03-02 10:30:49] Scanning CWE242.trap.zst (768 of 768)
[2026-03-02 10:30:49] [PROGRESS] dataset import> Importing TRAP files
[2026-03-02 10:30:49] Importing CWE242_Use_of_Inherently_Dangerous_Function__basic_01.c.94b41917.trap (CWE242_Use_of_Inherently_Dangerous_Function__basic_01.c.94b41917_0.trap.tar.zst) for CWE242.link (1 of 768)
[2026-03-02 10:30:49] Importing _malloc_type.h.7625ff86.trap (CWE242_Use_of_Inherently_Dangerous_Function__basic_02.c.c053d999_0.trap.tar.zst) for CWE242.link (2 of 768)
[2026-03-02 10:30:49] Importing __stddef_rsize_t.h.388a116b.trap (CWE242_Use_of_Inherently_Dangerous_Function__basic_02.c.c053d999_0.trap.tar.zst) for CWE242.link (3 of 768)
[2026-03-02 10:30:49] Importing __stddef_wchar_t.h.8b72e9f9.trap (CWE242_Use_of_Inherently_Dangerous_Function__basic_02.c.c053d999_0.trap.tar.zst) for CWE242.link (4 of 768)
[2026-03-02 10:30:49] Importing __stddef_null.h.ef3408d8.trap (CWE242_Use_of_Inherently_Dangerous_Function__basic_02.c.c053d999_0.trap.tar.zst) for CWE242.link (5 of 768)
[2026-03-02 10:30:49] Importing _time.h.0d8fdb02.trap (CWE242_Use_of_Inherently_Dangerous_Function__basic_02.c.c053d999_0.trap.tar.zst) for CWE242.link (6 of 768)
[2026-03-02 10:30:49] Importing runetype.h.54c83d6c.trap (CWE242_Use_of_Inherently_Dangerous_Function__basic_02.c.c053d999_0.trap.tar.zst) for CWE242.link (7 of 768)
[2026-03-02 10:30:49] Importing _pthread_rwlock_t.h.5347ed40.trap (CWE242_Use_of_Inherently_Dangerous_Function__basic_02.c.c053d999_0.trap.tar.zst) for CWE242.link (8 of 768)
[2026-03-02 10:30:49] Importing _pthread_rwlockattr_t.h.421da243.trap (CWE242_Use_of_Inherently_Dangerous_Function__basic_02.c.c053d999_0.trap.tar.zst) for CWE242.link (9 of 768)
[2026-03-02 10:30:49] Importing _pthread_t.h.e30dba80.trap (CWE242_Use_of_Inherently_Dangerous_Function__basic_02.c.c053d999_0.trap.tar.zst) for CWE242.link (10 of 768)
[2026-03-02 10:30:49] Importing _pthread_key_t.h.12fa2691.trap (CWE242_Use_of_Inherently_Dangerous_Function__basic_02.c.c053d999_0.trap.tar.zst) for CWE242.link (11 of 768)
[2026-03-02 10:30:49] Importing _fsblkcnt_t.h.bd89ee10.trap (CWE242_Use_of_Inherently_Dangerous_Function__basic_02.c.c053d999_0.trap.tar.zst) for CWE242.link (12 of 768)
[2026-03-02 10:30:49] Importing _fsfilcnt_t.h.3861161e.trap (CWE242_Use_of_Inherently_Dangerous_Function__basic_02.c.c053d999_0.trap.tar.zst) for CWE242.link (13 of 768)
[2026-03-02 10:30:49] Importing types.h.51944a13.trap (CWE242_Use_of_Inherently_Dangerous_Function__basic_02.c.c053d999_0.trap.tar.zst) for CWE242.link (14 of 768)
[2026-03-02 10:30:49] Importing stat.h.6e3292a9.trap (CWE242_Use_of_Inherently_Dangerous_Function__basic_02.c.c053d999_0.trap.tar.zst) for CWE242.link (15 of 768)
[2026-03-02 10:30:49] Importing std_testcase.h.1ec5a6b1.trap (CWE242_Use_of_Inherently_Dangerous_Function__basic_02.c.c053d999_0.trap.tar.zst) for CWE242.link (16 of 768)
[2026-03-02 10:30:49] Importing CWE242_Use_of_Inherently_Dangerous_Function__basic_02.c.c053d999.trap (CWE242_Use_of_Inherently_Dangerous_Function__basic_02.c.c053d999_0.trap.tar.zst) for CWE242.link (17 of 768)
[2026-03-02 10:30:49] Importing cpp_predefined.acb19af8.trap (CWE242_Use_of_Inherently_Dangerous_Function__basic_03.c.f54e203f_0.trap.tar.zst) for no link target (18 of 768)
[2026-03-02 10:30:49] Importing _symbol_aliasing.h.d9d253f2.trap (CWE242_Use_of_Inherently_Dangerous_Function__basic_03.c.f54e203f_0.trap.tar.zst) for CWE242.link (19 of 768)
[2026-03-02 10:30:49] Importing _posix_availability.h.83cf0b80.trap (CWE242_Use_of_Inherently_Dangerous_Function__basic_03.c.f54e203f_0.trap.tar.zst) for CWE242.link (20 of 768)
[2026-03-02 10:30:49] Importing ptrcheck.h.a1c97dda.trap (CWE242_Use_of_Inherently_Dangerous_Function__basic_03.c.f54e203f_0.trap.tar.zst) for CWE242.link (21 of 768)
[2026-03-02 10:30:49] Importing cdefs.h.ef3e999e.trap (CWE242_Use_of_Inherently_Dangerous_Function__basic_03.c.f54e203f_0.trap.tar.zst) for CWE242.link (22 of 768)
[2026-03-02 10:30:49] Importing _bounds.h.7a0e5efe.trap (CWE242_Use_of_Inherently_Dangerous_Function__basic_03.c.f54e203f_0.trap.tar.zst) for CWE242.link (23 of 768)
[2026-03-02 10:30:49] Importing AvailabilityVersions.h.28d953f5.trap (CWE242_Use_of_Inherently_Dangerous_Function__basic_03.c.f54e203f_0.trap.tar.zst) for CWE242.link (24 of 768)
[2026-03-02 10:30:49] Importing AvailabilityVersions.h.5cc0fd52.trap (CWE242_Use_of_Inherently_Dangerous_Function__basic_03.c.f54e203f_0.trap.tar.zst) for CWE242.link (25 of 768)
[2026-03-02 10:30:49] Importing AvailabilityInternal.h.f36db0c1.trap (CWE242_Use_of_Inherently_Dangerous_Function__basic_03.c.f54e203f_0.trap.tar.zst) for CWE242.link (26 of 768)
[2026-03-02 10:30:49] Importing AvailabilityInternal.h.8cc88ba2.trap (CWE242_Use_of_Inherently_Dangerous_Function__basic_03.c.f54e203f_0.trap.tar.zst) for CWE242.link (27 of 768)
[2026-03-02 10:30:49] Importing Availability.h.b547e373.trap (CWE242_Use_of_Inherently_Dangerous_Function__basic_03.c.f54e203f_0.trap.tar.zst) for CWE242.link (28 of 768)
[2026-03-02 10:30:49] Importing _types.h.b6ce8861.trap (CWE242_Use_of_Inherently_Dangerous_Function__basic_03.c.f54e203f_0.trap.tar.zst) for CWE242.link (29 of 768)
[2026-03-02 10:30:49] Importing _types.h.c0db0ca0.trap (CWE242_Use_of_Inherently_Dangerous_Function__basic_03.c.f54e203f_0.trap.tar.zst) for CWE242.link (30 of 768)
[2026-03-02 10:30:49] Importing _pthread_types.h.cafa7f1d.trap (CWE242_Use_of_Inherently_Dangerous_Function__basic_03.c.f54e203f_0.trap.tar.zst) for CWE242.link (31 of 768)
[2026-03-02 10:30:49] Importing _types.h.f9770692.trap (CWE242_Use_of_Inherently_Dangerous_Function__basic_03.c.f54e203f_0.trap.tar.zst) for CWE242.link (32 of 768)
[2026-03-02 10:30:49] Importing _types.h.25fd50ec.trap (CWE242_Use_of_Inherently_Dangerous_Function__basic_03.c.f54e203f_0.trap.tar.zst) for CWE242.link (33 of 768)
[2026-03-02 10:30:49] Importing _int8_t.h.f29290cb.trap (CWE242_Use_of_Inherently_Dangerous_Function__basic_03.c.f54e203f_0.trap.tar.zst) for CWE242.link (34 of 768)
[2026-03-02 10:30:49] Importing Availability.h.10c74a99.trap (CWE242_Use_of_Inherently_Dangerous_Function__basic_03.c.f54e203f_0.trap.tar.zst) for CWE242.link (35 of 768)
[2026-03-02 10:30:49] Importing _ssize_t.h.b2b8b5c7.trap (CWE242_Use_of_Inherently_Dangerous_Function__basic_03.c.f54e203f_0.trap.tar.zst) for CWE242.link (36 of 768)
[2026-03-02 10:30:49] Importing _common.h.51c8a9f3.trap (CWE242_Use_of_Inherently_Dangerous_Function__basic_03.c.f54e203f_0.trap.tar.zst) for CWE242.link (37 of 768)
[2026-03-02 10:30:49] Importing _stdio.h.98770257.trap (CWE242_Use_of_Inherently_Dangerous_Function__basic_03.c.f54e203f_0.trap.tar.zst) for CWE242.link (38 of 768)
[2026-03-02 10:30:49] Importing _stdio.h.7e8d8bd9.trap (CWE242_Use_of_Inherently_Dangerous_Function__basic_03.c.f54e203f_0.trap.tar.zst) for CWE242.link (39 of 768)
[2026-03-02 10:30:49] Importing _structs.h.7f3332f8.trap (CWE242_Use_of_Inherently_Dangerous_Function__basic_03.c.f54e203f_0.trap.tar.zst) for CWE242.link (40 of 768)
[2026-03-02 10:30:49] Importing _mcontext.h.e82cb3fb.trap (CWE242_Use_of_Inherently_Dangerous_Function__basic_03.c.f54e203f_0.trap.tar.zst) for CWE242.link (41 of 768)
[2026-03-02 10:30:49] Importing _ucontext.h.72157942.trap (CWE242_Use_of_Inherently_Dangerous_Function__basic_03.c.f54e203f_0.trap.tar.zst) for CWE242.link (42 of 768)
[2026-03-02 10:30:49] Importing _sigset_t.h.eacb6a8b.trap (CWE242_Use_of_Inherently_Dangerous_Function__basic_03.c.f54e203f_0.trap.tar.zst) for CWE242.link (43 of 768)
[2026-03-02 10:30:49] Importing stdint.h.0c894f22.trap (CWE242_Use_of_Inherently_Dangerous_Function__basic_03.c.f54e203f_0.trap.tar.zst) for CWE242.link (44 of 768)
[2026-03-02 10:30:49] Importing _OSByteOrder.h.0be791a7.trap (CWE242_Use_of_Inherently_Dangerous_Function__basic_03.c.f54e203f_0.trap.tar.zst) for CWE242.link (45 of 768)
[2026-03-02 10:30:49] Importing _OSByteOrder.h.6c99cd81.trap (CWE242_Use_of_Inherently_Dangerous_Function__basic_03.c.f54e203f_0.trap.tar.zst) for CWE242.link (46 of 768)
[2026-03-02 10:30:49] Importing _endian.h.36150309.trap (CWE242_Use_of_Inherently_Dangerous_Function__basic_03.c.f54e203f_0.trap.tar.zst) for CWE242.link (47 of 768)
[2026-03-02 10:30:49] Importing endian.h.194ffb87.trap (CWE242_Use_of_Inherently_Dangerous_Function__basic_03.c.f54e203f_0.trap.tar.zst) for CWE242.link (48 of 768)
[2026-03-02 10:30:49] Importing endian.h.a419ac90.trap (CWE242_Use_of_Inherently_Dangerous_Function__basic_03.c.f54e203f_0.trap.tar.zst) for CWE242.link (49 of 768)
[2026-03-02 10:30:49] Importing wait.h.0d16c204.trap (CWE242_Use_of_Inherently_Dangerous_Function__basic_03.c.f54e203f_0.trap.tar.zst) for CWE242.link (50 of 768)
[2026-03-02 10:30:49] Importing alloca.h.ed4259d0.trap (CWE242_Use_of_Inherently_Dangerous_Function__basic_03.c.f54e203f_0.trap.tar.zst) for CWE242.link (51 of 768)
[2026-03-02 10:30:49] Importing _ct_rune_t.h.d4a9d117.trap (CWE242_Use_of_Inherently_Dangerous_Function__basic_03.c.f54e203f_0.trap.tar.zst) for CWE242.link (52 of 768)
[2026-03-02 10:30:49] Importing _rune_t.h.33d8e00c.trap (CWE242_Use_of_Inherently_Dangerous_Function__basic_03.c.f54e203f_0.trap.tar.zst) for CWE242.link (53 of 768)
[2026-03-02 10:30:49] Importing _wchar_t.h.2ef5ff0c.trap (CWE242_Use_of_Inherently_Dangerous_Function__basic_03.c.f54e203f_0.trap.tar.zst) for CWE242.link (54 of 768)
[2026-03-02 10:30:49] Importing _null.h.8a1ef000.trap (CWE242_Use_of_Inherently_Dangerous_Function__basic_03.c.f54e203f_0.trap.tar.zst) for CWE242.link (55 of 768)
[2026-03-02 10:30:49] Importing _s_ifmt.h.c1bb95be.trap (CWE242_Use_of_Inherently_Dangerous_Function__basic_03.c.f54e203f_0.trap.tar.zst) for CWE242.link (56 of 768)
[2026-03-02 10:30:49] Importing _filesec_t.h.4d68e279.trap (CWE242_Use_of_Inherently_Dangerous_Function__basic_03.c.f54e203f_0.trap.tar.zst) for CWE242.link (57 of 768)
[2026-03-02 10:30:49] Importing fcntl.h.3562ee8c.trap (CWE242_Use_of_Inherently_Dangerous_Function__basic_03.c.f54e203f_0.trap.tar.zst) for CWE242.link (58 of 768)
[2026-03-02 10:30:49] Importing fcntl.h.cb9076de.trap (CWE242_Use_of_Inherently_Dangerous_Function__basic_03.c.f54e203f_0.trap.tar.zst) for CWE242.link (59 of 768)
[2026-03-02 10:30:49] Importing _blkcnt_t.h.34a194d3.trap (CWE242_Use_of_Inherently_Dangerous_Function__basic_03.c.f54e203f_0.trap.tar.zst) for CWE242.link (60 of 768)
[2026-03-02 10:30:49] Importing _ino64_t.h.e439a07c.trap (CWE242_Use_of_Inherently_Dangerous_Function__basic_03.c.f54e203f_0.trap.tar.zst) for CWE242.link (61 of 768)
[2026-03-02 10:30:49] Importing _key_t.h.b406b369.trap (CWE242_Use_of_Inherently_Dangerous_Function__basic_03.c.f54e203f_0.trap.tar.zst) for CWE242.link (62 of 768)
[2026-03-02 10:30:49] Importing _nlink_t.h.3cfb0507.trap (CWE242_Use_of_Inherently_Dangerous_Function__basic_03.c.f54e203f_0.trap.tar.zst) for CWE242.link (63 of 768)
[2026-03-02 10:30:49] Importing _useconds_t.h.81277de3.trap (CWE242_Use_of_Inherently_Dangerous_Function__basic_03.c.f54e203f_0.trap.tar.zst) for CWE242.link (64 of 768)
[2026-03-02 10:30:49] Importing _suseconds_t.h.2a3680e0.trap (CWE242_Use_of_Inherently_Dangerous_Function__basic_03.c.f54e203f_0.trap.tar.zst) for CWE242.link (65 of 768)
[2026-03-02 10:30:49] Importing _fd_def.h.2c3d4d20.trap (CWE242_Use_of_Inherently_Dangerous_Function__basic_03.c.f54e203f_0.trap.tar.zst) for CWE242.link (66 of 768)
[2026-03-02 10:30:49] Importing _fd_setsize.h.0ba77704.trap (CWE242_Use_of_Inherently_Dangerous_Function__basic_03.c.f54e203f_0.trap.tar.zst) for CWE242.link (67 of 768)
[2026-03-02 10:30:49] Importing _fd_set.h.0ba77704.trap (CWE242_Use_of_Inherently_Dangerous_Function__basic_03.c.f54e203f_0.trap.tar.zst) for CWE242.link (68 of 768)
[2026-03-02 10:30:49] Importing _fd_clr.h.0ba77704.trap (CWE242_Use_of_Inherently_Dangerous_Function__basic_03.c.f54e203f_0.trap.tar.zst) for CWE242.link (69 of 768)
[2026-03-02 10:30:49] Importing _fd_zero.h.0ba77704.trap (CWE242_Use_of_Inherently_Dangerous_Function__basic_03.c.f54e203f_0.trap.tar.zst) for CWE242.link (70 of 768)
[2026-03-02 10:30:49] Importing _fd_isset.h.0ba77704.trap (CWE242_Use_of_Inherently_Dangerous_Function__basic_03.c.f54e203f_0.trap.tar.zst) for CWE242.link (71 of 768)
[2026-03-02 10:30:49] Importing _fd_copy.h.0ba77704.trap (CWE242_Use_of_Inherently_Dangerous_Function__basic_03.c.f54e203f_0.trap.tar.zst) for CWE242.link (72 of 768)
[2026-03-02 10:30:49] Importing _pthread_cond_t.h.d9d5b959.trap (CWE242_Use_of_Inherently_Dangerous_Function__basic_03.c.f54e203f_0.trap.tar.zst) for CWE242.link (73 of 768)
[2026-03-02 10:30:49] Importing _pthread_condattr_t.h.fea5e9df.trap (CWE242_Use_of_Inherently_Dangerous_Function__basic_03.c.f54e203f_0.trap.tar.zst) for CWE242.link (74 of 768)
[2026-03-02 10:30:49] Importing _pthread_mutex_t.h.4c0dfbfa.trap (CWE242_Use_of_Inherently_Dangerous_Function__basic_03.c.f54e203f_0.trap.tar.zst) for CWE242.link (75 of 768)
[2026-03-02 10:30:49] Importing _pthread_mutexattr_t.h.ab33f553.trap (CWE242_Use_of_Inherently_Dangerous_Function__basic_03.c.f54e203f_0.trap.tar.zst) for CWE242.link (76 of 768)
[2026-03-02 10:30:49] Importing _pthread_once_t.h.a3a91493.trap (CWE242_Use_of_Inherently_Dangerous_Function__basic_03.c.f54e203f_0.trap.tar.zst) for CWE242.link (77 of 768)
[2026-03-02 10:30:49] Importing CWE242_Use_of_Inherently_Dangerous_Function__basic_03.c.f54e203f.trap (CWE242_Use_of_Inherently_Dangerous_Function__basic_03.c.f54e203f_0.trap.tar.zst) for CWE242.link (78 of 768)
[2026-03-02 10:30:49] Importing stdio.h.c620d3e2.trap (CWE242_Use_of_Inherently_Dangerous_Function__basic_04.c.b3e2155a_0.trap.tar.zst) for CWE242.link (79 of 768)
[2026-03-02 10:30:49] Importing _printf.h.08040026.trap (CWE242_Use_of_Inherently_Dangerous_Function__basic_04.c.b3e2155a_0.trap.tar.zst) for CWE242.link (80 of 768)
[2026-03-02 10:30:49] Importing _seek_set.h.8f458fe3.trap (CWE242_Use_of_Inherently_Dangerous_Function__basic_04.c.b3e2155a_0.trap.tar.zst) for CWE242.link (81 of 768)
[2026-03-02 10:30:49] Importing _ctermid.h.cc0bda1d.trap (CWE242_Use_of_Inherently_Dangerous_Function__basic_04.c.b3e2155a_0.trap.tar.zst) for CWE242.link (82 of 768)
[2026-03-02 10:30:49] Importing _off_t.h.5d57ac30.trap (CWE242_Use_of_Inherently_Dangerous_Function__basic_04.c.b3e2155a_0.trap.tar.zst) for CWE242.link (83 of 768)
[2026-03-02 10:30:49] Importing stdio.h.e1ff7027.trap (CWE242_Use_of_Inherently_Dangerous_Function__basic_04.c.b3e2155a_0.trap.tar.zst) for CWE242.link (84 of 768)
[2026-03-02 10:30:49] Importing _id_t.h.0e72c00a.trap (CWE242_Use_of_Inherently_Dangerous_Function__basic_04.c.b3e2155a_0.trap.tar.zst) for CWE242.link (85 of 768)
[2026-03-02 10:30:49] Importing appleapiopts.h.dc9b13cc.trap (CWE242_Use_of_Inherently_Dangerous_Function__basic_04.c.b3e2155a_0.trap.tar.zst) for CWE242.link (86 of 768)
[2026-03-02 10:30:49] Importing _structs.h.882e747d.trap (CWE242_Use_of_Inherently_Dangerous_Function__basic_04.c.b3e2155a_0.trap.tar.zst) for CWE242.link (87 of 768)
[2026-03-02 10:30:49] Importing _mcontext.h.2841d5e4.trap (CWE242_Use_of_Inherently_Dangerous_Function__basic_04.c.b3e2155a_0.trap.tar.zst) for CWE242.link (88 of 768)
[2026-03-02 10:30:49] Importing _pthread_attr_t.h.eb92b113.trap (CWE242_Use_of_Inherently_Dangerous_Function__basic_04.c.b3e2155a_0.trap.tar.zst) for CWE242.link (89 of 768)
[2026-03-02 10:30:49] Importing _sigaltstack.h.de56a9af.trap (CWE242_Use_of_Inherently_Dangerous_Function__basic_04.c.b3e2155a_0.trap.tar.zst) for CWE242.link (90 of 768)
[2026-03-02 10:30:49] Importing _malloc.h.e5ad2345.trap (CWE242_Use_of_Inherently_Dangerous_Function__basic_04.c.b3e2155a_0.trap.tar.zst) for CWE242.link (91 of 768)
[2026-03-02 10:30:49] Importing _abort.h.716aa402.trap (CWE242_Use_of_Inherently_Dangerous_Function__basic_04.c.b3e2155a_0.trap.tar.zst) for CWE242.link (92 of 768)
[2026-03-02 10:30:49] Importing _dev_t.h.91a2e6a4.trap (CWE242_Use_of_Inherently_Dangerous_Function__basic_04.c.b3e2155a_0.trap.tar.zst) for CWE242.link (93 of 768)
[2026-03-02 10:30:49] Importing _mode_t.h.0d676e3d.trap (CWE242_Use_of_Inherently_Dangerous_Function__basic_04.c.b3e2155a_0.trap.tar.zst) for CWE242.link (94 of 768)
[2026-03-02 10:30:49] Importing _stdlib.h.5fcdc4cc.trap (CWE242_Use_of_Inherently_Dangerous_Function__basic_04.c.b3e2155a_0.trap.tar.zst) for CWE242.link (95 of 768)
[2026-03-02 10:30:49] Importing stdlib.h.8c6deea4.trap (CWE242_Use_of_Inherently_Dangerous_Function__basic_04.c.b3e2155a_0.trap.tar.zst) for CWE242.link (96 of 768)
[2026-03-02 10:30:49] Importing __stddef_header_macro.h.bfeb891a.trap (CWE242_Use_of_Inherently_Dangerous_Function__basic_04.c.b3e2155a_0.trap.tar.zst) for CWE242.link (97 of 768)
[2026-03-02 10:30:49] Importing __stddef_ptrdiff_t.h.393a45df.trap (CWE242_Use_of_Inherently_Dangerous_Function__basic_04.c.b3e2155a_0.trap.tar.zst) for CWE242.link (98 of 768)
[2026-03-02 10:30:49] Importing __stddef_size_t.h.644c5b02.trap (CWE242_Use_of_Inherently_Dangerous_Function__basic_04.c.b3e2155a_0.trap.tar.zst) for CWE242.link (99 of 768)
[2026-03-02 10:30:49] Importing __stddef_max_align_t.h.8cba3490.trap (CWE242_Use_of_Inherently_Dangerous_Function__basic_04.c.b3e2155a_0.trap.tar.zst) for CWE242.link (100 of 768)
[2026-03-02 10:30:49] Importing __stddef_offsetof.h.a6d336d4.trap (CWE242_Use_of_Inherently_Dangerous_Function__basic_04.c.b3e2155a_0.trap.tar.zst) for CWE242.link (101 of 768)
[2026-03-02 10:30:49] Importing stddef.h.98193b10.trap (CWE242_Use_of_Inherently_Dangerous_Function__basic_04.c.b3e2155a_0.trap.tar.zst) for CWE242.link (102 of 768)
[2026-03-02 10:30:49] Importing _clock_t.h.79a09205.trap (CWE242_Use_of_Inherently_Dangerous_Function__basic_04.c.b3e2155a_0.trap.tar.zst) for CWE242.link (103 of 768)
[2026-03-02 10:30:49] Importing _null.h.392d1f38.trap (CWE242_Use_of_Inherently_Dangerous_Function__basic_04.c.b3e2155a_0.trap.tar.zst) for CWE242.link (104 of 768)
[2026-03-02 10:30:49] Importing _time_t.h.9cd704bb.trap (CWE242_Use_of_Inherently_Dangerous_Function__basic_04.c.b3e2155a_0.trap.tar.zst) for CWE242.link (105 of 768)
[2026-03-02 10:30:49] Importing _timespec.h.b07a1631.trap (CWE242_Use_of_Inherently_Dangerous_Function__basic_04.c.b3e2155a_0.trap.tar.zst) for CWE242.link (106 of 768)
[2026-03-02 10:30:49] Importing time.h.f63ebdcc.trap (CWE242_Use_of_Inherently_Dangerous_Function__basic_04.c.b3e2155a_0.trap.tar.zst) for CWE242.link (107 of 768)
[2026-03-02 10:30:49] Importing _limits.h.040e87ae.trap (CWE242_Use_of_Inherently_Dangerous_Function__basic_04.c.b3e2155a_0.trap.tar.zst) for CWE242.link (108 of 768)
[2026-03-02 10:30:49] Importing CWE242_Use_of_Inherently_Dangerous_Function__basic_04.c.b3e2155a.trap (CWE242_Use_of_Inherently_Dangerous_Function__basic_04.c.b3e2155a_0.trap.tar.zst) for CWE242.link (109 of 768)
[2026-03-02 10:30:49] Importing limits.h.3f2ee4ee.trap (CWE242_Use_of_Inherently_Dangerous_Function__basic_05.c.f3dc2415_0.trap.tar.zst) for CWE242.link (110 of 768)
[2026-03-02 10:30:49] Importing limits.h.baa4916f.trap (CWE242_Use_of_Inherently_Dangerous_Function__basic_05.c.f3dc2415_0.trap.tar.zst) for CWE242.link (111 of 768)
[2026-03-02 10:30:49] Importing syslimits.h.b93b36cf.trap (CWE242_Use_of_Inherently_Dangerous_Function__basic_05.c.f3dc2415_0.trap.tar.zst) for CWE242.link (112 of 768)
[2026-03-02 10:30:49] Importing limits.h.4929ee85.trap (CWE242_Use_of_Inherently_Dangerous_Function__basic_05.c.f3dc2415_0.trap.tar.zst) for CWE242.link (113 of 768)
[2026-03-02 10:30:49] Importing limits.h.81b82e8b.trap (CWE242_Use_of_Inherently_Dangerous_Function__basic_05.c.f3dc2415_0.trap.tar.zst) for CWE242.link (114 of 768)
[2026-03-02 10:30:49] Importing _rsize_t.h.7cbeabea.trap (CWE242_Use_of_Inherently_Dangerous_Function__basic_05.c.f3dc2415_0.trap.tar.zst) for CWE242.link (115 of 768)
[2026-03-02 10:30:49] Importing _errno_t.h.fbe65fbd.trap (CWE242_Use_of_Inherently_Dangerous_Function__basic_05.c.f3dc2415_0.trap.tar.zst) for CWE242.link (116 of 768)
[2026-03-02 10:30:49] Importing _strings.h.4ecb88ba.trap (CWE242_Use_of_Inherently_Dangerous_Function__basic_05.c.f3dc2415_0.trap.tar.zst) for CWE242.link (117 of 768)
[2026-03-02 10:30:49] Importing _strings.h.62fe348b.trap (CWE242_Use_of_Inherently_Dangerous_Function__basic_05.c.f3dc2415_0.trap.tar.zst) for CWE242.link (118 of 768)
[2026-03-02 10:30:49] Importing _string.h.ef9cbddf.trap (CWE242_Use_of_Inherently_Dangerous_Function__basic_05.c.f3dc2415_0.trap.tar.zst) for CWE242.link (119 of 768)
[2026-03-02 10:30:49] Importing _string.h.76dc15a9.trap (CWE242_Use_of_Inherently_Dangerous_Function__basic_05.c.f3dc2415_0.trap.tar.zst) for CWE242.link (120 of 768)
[2026-03-02 10:30:49] Importing string.h.01528883.trap (CWE242_Use_of_Inherently_Dangerous_Function__basic_05.c.f3dc2415_0.trap.tar.zst) for CWE242.link (121 of 768)
[2026-03-02 10:30:49] Importing _wchar_t.h.fcfbe942.trap (CWE242_Use_of_Inherently_Dangerous_Function__basic_05.c.f3dc2415_0.trap.tar.zst) for CWE242.link (122 of 768)
[2026-03-02 10:30:49] Importing _wint_t.h.545b4fc3.trap (CWE242_Use_of_Inherently_Dangerous_Function__basic_05.c.f3dc2415_0.trap.tar.zst) for CWE242.link (123 of 768)
[2026-03-02 10:30:49] Importing _ctype.h.702dff4b.trap (CWE242_Use_of_Inherently_Dangerous_Function__basic_05.c.f3dc2415_0.trap.tar.zst) for CWE242.link (124 of 768)
[2026-03-02 10:30:49] Importing ctype.h.2e9870e5.trap (CWE242_Use_of_Inherently_Dangerous_Function__basic_05.c.f3dc2415_0.trap.tar.zst) for CWE242.link (125 of 768)
[2026-03-02 10:30:49] Importing _o_sync.h.bfeb891a.trap (CWE242_Use_of_Inherently_Dangerous_Function__basic_05.c.f3dc2415_0.trap.tar.zst) for CWE242.link (126 of 768)
[2026-03-02 10:30:49] Importing _o_dsync.h.bfeb891a.trap (CWE242_Use_of_Inherently_Dangerous_Function__basic_05.c.f3dc2415_0.trap.tar.zst) for CWE242.link (127 of 768)
[2026-03-02 10:30:49] Importing _u_char.h.5afe3e69.trap (CWE242_Use_of_Inherently_Dangerous_Function__basic_05.c.f3dc2415_0.trap.tar.zst) for CWE242.link (128 of 768)
[2026-03-02 10:30:49] Importing _u_short.h.df94b703.trap (CWE242_Use_of_Inherently_Dangerous_Function__basic_05.c.f3dc2415_0.trap.tar.zst) for CWE242.link (129 of 768)
[2026-03-02 10:30:49] Importing _u_int.h.22f18ecb.trap (CWE242_Use_of_Inherently_Dangerous_Function__basic_05.c.f3dc2415_0.trap.tar.zst) for CWE242.link (130 of 768)
[2026-03-02 10:30:49] Importing _caddr_t.h.017e0aa4.trap (CWE242_Use_of_Inherently_Dangerous_Function__basic_05.c.f3dc2415_0.trap.tar.zst) for CWE242.link (131 of 768)
[2026-03-02 10:30:49] Importing _blksize_t.h.0fdacbb3.trap (CWE242_Use_of_Inherently_Dangerous_Function__basic_05.c.f3dc2415_0.trap.tar.zst) for CWE242.link (132 of 768)
[2026-03-02 10:30:49] Importing _gid_t.h.e5a55687.trap (CWE242_Use_of_Inherently_Dangerous_Function__basic_05.c.f3dc2415_0.trap.tar.zst) for CWE242.link (133 of 768)
[2026-03-02 10:30:49] Importing _in_addr_t.h.098eb604.trap (CWE242_Use_of_Inherently_Dangerous_Function__basic_05.c.f3dc2415_0.trap.tar.zst) for CWE242.link (134 of 768)
[2026-03-02 10:30:49] Importing _in_port_t.h.9df8ecfa.trap (CWE242_Use_of_Inherently_Dangerous_Function__basic_05.c.f3dc2415_0.trap.tar.zst) for CWE242.link (135 of 768)
[2026-03-02 10:30:49] Importing _ino_t.h.af02d81d.trap (CWE242_Use_of_Inherently_Dangerous_Function__basic_05.c.f3dc2415_0.trap.tar.zst) for CWE242.link (136 of 768)
[2026-03-02 10:30:49] Importing std_testcase.h.d8ab3c5a.trap (CWE242_Use_of_Inherently_Dangerous_Function__basic_05.c.f3dc2415_0.trap.tar.zst) for CWE242.link (137 of 768)
[2026-03-02 10:30:49] Importing std_testcase_io.h.f446cf84.trap (CWE242_Use_of_Inherently_Dangerous_Function__basic_05.c.f3dc2415_0.trap.tar.zst) for CWE242.link (138 of 768)
[2026-03-02 10:30:49] Importing CWE242_Use_of_Inherently_Dangerous_Function__basic_05.c.f3dc2415.trap (CWE242_Use_of_Inherently_Dangerous_Function__basic_05.c.f3dc2415_0.trap.tar.zst) for CWE242.link (139 of 768)
[2026-03-02 10:30:49] Importing CWE242_Use_of_Inherently_Dangerous_Function__basic_06.c.af7bc7fd.trap (CWE242_Use_of_Inherently_Dangerous_Function__basic_06.c.af7bc7fd_0.trap.tar.zst) for CWE242.link (140 of 768)
[2026-03-02 10:30:49] Importing AvailabilityInternalLegacy.h.fa3e215b.trap (CWE242_Use_of_Inherently_Dangerous_Function__basic_07.c.0ea91caa_0.trap.tar.zst) for CWE242.link (141 of 768)
[2026-03-02 10:30:49] Importing _int16_t.h.0efc7dab.trap (CWE242_Use_of_Inherently_Dangerous_Function__basic_07.c.0ea91caa_0.trap.tar.zst) for CWE242.link (142 of 768)
[2026-03-02 10:30:49] Importing _int32_t.h.6962392d.trap (CWE242_Use_of_Inherently_Dangerous_Function__basic_07.c.0ea91caa_0.trap.tar.zst) for CWE242.link (143 of 768)
[2026-03-02 10:30:49] Importing _int64_t.h.536f90e3.trap (CWE242_Use_of_Inherently_Dangerous_Function__basic_07.c.0ea91caa_0.trap.tar.zst) for CWE242.link (144 of 768)
[2026-03-02 10:30:49] Importing _u_int8_t.h.552cf7b4.trap (CWE242_Use_of_Inherently_Dangerous_Function__basic_07.c.0ea91caa_0.trap.tar.zst) for CWE242.link (145 of 768)
[2026-03-02 10:30:49] Importing _u_int16_t.h.253a9b79.trap (CWE242_Use_of_Inherently_Dangerous_Function__basic_07.c.0ea91caa_0.trap.tar.zst) for CWE242.link (146 of 768)
[2026-03-02 10:30:49] Importing _u_int32_t.h.3c64ebfb.trap (CWE242_Use_of_Inherently_Dangerous_Function__basic_07.c.0ea91caa_0.trap.tar.zst) for CWE242.link (147 of 768)
[2026-03-02 10:30:49] Importing _u_int64_t.h.cbd81c97.trap (CWE242_Use_of_Inherently_Dangerous_Function__basic_07.c.0ea91caa_0.trap.tar.zst) for CWE242.link (148 of 768)
[2026-03-02 10:30:49] Importing _intptr_t.h.084ef71f.trap (CWE242_Use_of_Inherently_Dangerous_Function__basic_07.c.0ea91caa_0.trap.tar.zst) for CWE242.link (149 of 768)
[2026-03-02 10:30:49] Importing _uintptr_t.h.645528a4.trap (CWE242_Use_of_Inherently_Dangerous_Function__basic_07.c.0ea91caa_0.trap.tar.zst) for CWE242.link (150 of 768)
[2026-03-02 10:30:49] Importing types.h.30d77e47.trap (CWE242_Use_of_Inherently_Dangerous_Function__basic_07.c.0ea91caa_0.trap.tar.zst) for CWE242.link (151 of 768)
[2026-03-02 10:30:49] Importing types.h.aff8b8e3.trap (CWE242_Use_of_Inherently_Dangerous_Function__basic_07.c.0ea91caa_0.trap.tar.zst) for CWE242.link (152 of 768)
[2026-03-02 10:30:49] Importing _va_list.h.425ee346.trap (CWE242_Use_of_Inherently_Dangerous_Function__basic_07.c.0ea91caa_0.trap.tar.zst) for CWE242.link (153 of 768)
[2026-03-02 10:30:49] Importing _size_t.h.b5488757.trap (CWE242_Use_of_Inherently_Dangerous_Function__basic_07.c.0ea91caa_0.trap.tar.zst) for CWE242.link (154 of 768)
[2026-03-02 10:30:49] Importing _null.h.97dc1131.trap (CWE242_Use_of_Inherently_Dangerous_Function__basic_07.c.0ea91caa_0.trap.tar.zst) for CWE242.link (155 of 768)
[2026-03-02 10:30:49] Importing _pid_t.h.6a3a6049.trap (CWE242_Use_of_Inherently_Dangerous_Function__basic_07.c.0ea91caa_0.trap.tar.zst) for CWE242.link (156 of 768)
[2026-03-02 10:30:49] Importing signal.h.4c43299e.trap (CWE242_Use_of_Inherently_Dangerous_Function__basic_07.c.0ea91caa_0.trap.tar.zst) for CWE242.link (157 of 768)
[2026-03-02 10:30:49] Importing signal.h.508efcc4.trap (CWE242_Use_of_Inherently_Dangerous_Function__basic_07.c.0ea91caa_0.trap.tar.zst) for CWE242.link (158 of 768)
[2026-03-02 10:30:49] Importing _size_t.h.bfdf2729.trap (CWE242_Use_of_Inherently_Dangerous_Function__basic_07.c.0ea91caa_0.trap.tar.zst) for CWE242.link (159 of 768)
[2026-03-02 10:30:49] Importing _uid_t.h.cfda2aba.trap (CWE242_Use_of_Inherently_Dangerous_Function__basic_07.c.0ea91caa_0.trap.tar.zst) for CWE242.link (160 of 768)
[2026-03-02 10:30:49] Importing signal.h.17b6879f.trap (CWE242_Use_of_Inherently_Dangerous_Function__basic_07.c.0ea91caa_0.trap.tar.zst) for CWE242.link (161 of 768)
[2026-03-02 10:30:49] Importing _uint8_t.h.b56d0bf4.trap (CWE242_Use_of_Inherently_Dangerous_Function__basic_07.c.0ea91caa_0.trap.tar.zst) for CWE242.link (162 of 768)
[2026-03-02 10:30:49] Importing _uint16_t.h.95cc6274.trap (CWE242_Use_of_Inherently_Dangerous_Function__basic_07.c.0ea91caa_0.trap.tar.zst) for CWE242.link (163 of 768)
[2026-03-02 10:30:49] Importing _uint32_t.h.dc2517bb.trap (CWE242_Use_of_Inherently_Dangerous_Function__basic_07.c.0ea91caa_0.trap.tar.zst) for CWE242.link (164 of 768)
[2026-03-02 10:30:49] Importing _uint64_t.h.c60cbcd5.trap (CWE242_Use_of_Inherently_Dangerous_Function__basic_07.c.0ea91caa_0.trap.tar.zst) for CWE242.link (165 of 768)
[2026-03-02 10:30:49] Importing _intmax_t.h.6c1a2871.trap (CWE242_Use_of_Inherently_Dangerous_Function__basic_07.c.0ea91caa_0.trap.tar.zst) for CWE242.link (166 of 768)
[2026-03-02 10:30:49] Importing _uintmax_t.h.e72b0804.trap (CWE242_Use_of_Inherently_Dangerous_Function__basic_07.c.0ea91caa_0.trap.tar.zst) for CWE242.link (167 of 768)
[2026-03-02 10:30:49] Importing stdint.h.35be2827.trap (CWE242_Use_of_Inherently_Dangerous_Function__basic_07.c.0ea91caa_0.trap.tar.zst) for CWE242.link (168 of 768)
[2026-03-02 10:30:49] Importing _timeval.h.4a963ad8.trap (CWE242_Use_of_Inherently_Dangerous_Function__basic_07.c.0ea91caa_0.trap.tar.zst) for CWE242.link (169 of 768)
[2026-03-02 10:30:49] Importing resource.h.ac60c7fa.trap (CWE242_Use_of_Inherently_Dangerous_Function__basic_07.c.0ea91caa_0.trap.tar.zst) for CWE242.link (170 of 768)
[2026-03-02 10:30:49] Importing __endian.h.957c713d.trap (CWE242_Use_of_Inherently_Dangerous_Function__basic_07.c.0ea91caa_0.trap.tar.zst) for CWE242.link (171 of 768)
[2026-03-02 10:30:49] Importing _endian.h.87dc7cfd.trap (CWE242_Use_of_Inherently_Dangerous_Function__basic_07.c.0ea91caa_0.trap.tar.zst) for CWE242.link (172 of 768)
[2026-03-02 10:30:49] Importing _endian.h.fbe534f3.trap (CWE242_Use_of_Inherently_Dangerous_Function__basic_07.c.0ea91caa_0.trap.tar.zst) for CWE242.link (173 of 768)
[2026-03-02 10:30:49] Importing _ptrcheck.h.95bbea47.trap (CWE242_Use_of_Inherently_Dangerous_Function__basic_07.c.0ea91caa_0.trap.tar.zst) for CWE242.link (174 of 768)
[2026-03-02 10:30:49] Importing CWE242_Use_of_Inherently_Dangerous_Function__basic_07.c.0ea91caa.trap (CWE242_Use_of_Inherently_Dangerous_Function__basic_07.c.0ea91caa_0.trap.tar.zst) for CWE242.link (175 of 768)
[2026-03-02 10:30:49] Importing CWE242_Use_of_Inherently_Dangerous_Function__basic_08.c.a60584ac.trap (CWE242_Use_of_Inherently_Dangerous_Function__basic_08.c.a60584ac_0.trap.tar.zst) for CWE242.link (176 of 768)
[2026-03-02 10:30:49] Importing CWE242_Use_of_Inherently_Dangerous_Function__basic_09.c.cd34cd69.trap (CWE242_Use_of_Inherently_Dangerous_Function__basic_09.c.cd34cd69_0.trap.tar.zst) for CWE242.link (177 of 768)
[2026-03-02 10:30:49] Importing CWE242_Use_of_Inherently_Dangerous_Function__basic_10.c.aabcec13.trap (CWE242_Use_of_Inherently_Dangerous_Function__basic_10.c.aabcec13_0.trap.tar.zst) for CWE242.link (178 of 768)
[2026-03-02 10:30:49] Importing CWE242_Use_of_Inherently_Dangerous_Function__basic_11.c.e2d67b0d.trap (CWE242_Use_of_Inherently_Dangerous_Function__basic_11.c.e2d67b0d_0.trap.tar.zst) for CWE242.link (179 of 768)
[2026-03-02 10:30:49] Importing CWE242_Use_of_Inherently_Dangerous_Function__basic_12.c.074ae82d.trap (CWE242_Use_of_Inherently_Dangerous_Function__basic_12.c.074ae82d_0.trap.tar.zst) for CWE242.link (180 of 768)
[2026-03-02 10:30:49] Importing CWE242_Use_of_Inherently_Dangerous_Function__basic_13.c.6d32c2b5.trap (CWE242_Use_of_Inherently_Dangerous_Function__basic_13.c.6d32c2b5_0.trap.tar.zst) for CWE242.link (181 of 768)
[2026-03-02 10:30:49] Importing CWE242_Use_of_Inherently_Dangerous_Function__basic_14.c.60de9e0c.trap (CWE242_Use_of_Inherently_Dangerous_Function__basic_14.c.60de9e0c_0.trap.tar.zst) for CWE242.link (182 of 768)
[2026-03-02 10:30:49] Importing CWE242_Use_of_Inherently_Dangerous_Function__basic_15.c.c45b2132.trap (CWE242_Use_of_Inherently_Dangerous_Function__basic_15.c.c45b2132_0.trap.tar.zst) for CWE242.link (183 of 768)
[2026-03-02 10:30:49] Importing CWE242_Use_of_Inherently_Dangerous_Function__basic_16.c.3bca8e83.trap (CWE242_Use_of_Inherently_Dangerous_Function__basic_16.c.3bca8e83_0.trap.tar.zst) for CWE242.link (184 of 768)
[2026-03-02 10:30:49] Importing CWE242_Use_of_Inherently_Dangerous_Function__basic_17.c.e60d3359.trap (CWE242_Use_of_Inherently_Dangerous_Function__basic_17.c.e60d3359_0.trap.tar.zst) for CWE242.link (185 of 768)
[2026-03-02 10:30:49] Importing CWE242_Use_of_Inherently_Dangerous_Function__basic_18.c.93645a2e.trap (CWE242_Use_of_Inherently_Dangerous_Function__basic_18.c.93645a2e_0.trap.tar.zst) for CWE242.link (186 of 768)
[2026-03-02 10:30:49] Importing cpp_predefined.ee949d85.trap (main_linux.cpp.ede3e287_0.trap.tar.zst) for no link target (187 of 768)
[2026-03-02 10:30:49] Importing _symbol_aliasing.h.0a471a71.trap (main_linux.cpp.ede3e287_0.trap.tar.zst) for CWE242.link (188 of 768)
[2026-03-02 10:30:49] Importing _posix_availability.h.b443d1ff.trap (main_linux.cpp.ede3e287_0.trap.tar.zst) for CWE242.link (189 of 768)
[2026-03-02 10:30:49] Importing ptrcheck.h.d23e4459.trap (main_linux.cpp.ede3e287_0.trap.tar.zst) for CWE242.link (190 of 768)
[2026-03-02 10:30:49] Importing cdefs.h.75e2bc0e.trap (main_linux.cpp.ede3e287_0.trap.tar.zst) for CWE242.link (191 of 768)
[2026-03-02 10:30:49] Importing _types.h.3789d7e8.trap (main_linux.cpp.ede3e287_0.trap.tar.zst) for CWE242.link (192 of 768)
[2026-03-02 10:30:49] Importing _types.h.f14fd31f.trap (main_linux.cpp.ede3e287_0.trap.tar.zst) for CWE242.link (193 of 768)
[2026-03-02 10:30:49] Importing _pthread_types.h.3315cb4e.trap (main_linux.cpp.ede3e287_0.trap.tar.zst) for CWE242.link (194 of 768)
[2026-03-02 10:30:49] Importing _types.h.c216e9a1.trap (main_linux.cpp.ede3e287_0.trap.tar.zst) for CWE242.link (195 of 768)
[2026-03-02 10:30:49] Importing _bounds.h.aa83257d.trap (main_linux.cpp.ede3e287_0.trap.tar.zst) for CWE242.link (196 of 768)
[2026-03-02 10:30:49] Importing _types.h.48982eea.trap (main_linux.cpp.ede3e287_0.trap.tar.zst) for CWE242.link (197 of 768)
[2026-03-02 10:30:49] Importing AvailabilityVersions.h.594e1a74.trap (main_linux.cpp.ede3e287_0.trap.tar.zst) for CWE242.link (198 of 768)
[2026-03-02 10:30:49] Importing AvailabilityVersions.h.8d35c3d1.trap (main_linux.cpp.ede3e287_0.trap.tar.zst) for CWE242.link (199 of 768)
[2026-03-02 10:30:49] Importing AvailabilityInternal.h.23e27740.trap (main_linux.cpp.ede3e287_0.trap.tar.zst) for CWE242.link (200 of 768)
[2026-03-02 10:30:49] Importing AvailabilityInternal.h.bd3d5221.trap (main_linux.cpp.ede3e287_0.trap.tar.zst) for CWE242.link (201 of 768)
[2026-03-02 10:30:49] Importing AvailabilityInternalLegacy.h.2ab2e7da.trap (main_linux.cpp.ede3e287_0.trap.tar.zst) for CWE242.link (202 of 768)
[2026-03-02 10:30:49] Importing Availability.h.e5bca9f2.trap (main_linux.cpp.ede3e287_0.trap.tar.zst) for CWE242.link (203 of 768)
[2026-03-02 10:30:49] Importing _int8_t.h.c690ef94.trap (main_linux.cpp.ede3e287_0.trap.tar.zst) for CWE242.link (204 of 768)
[2026-03-02 10:30:49] Importing _int16_t.h.cede5dee.trap (main_linux.cpp.ede3e287_0.trap.tar.zst) for CWE242.link (205 of 768)
[2026-03-02 10:30:49] Importing _int32_t.h.002e04b6.trap (main_linux.cpp.ede3e287_0.trap.tar.zst) for CWE242.link (206 of 768)
[2026-03-02 10:30:49] Importing _int64_t.h.cde97c46.trap (main_linux.cpp.ede3e287_0.trap.tar.zst) for CWE242.link (207 of 768)
[2026-03-02 10:30:49] Importing _u_int8_t.h.58617ebc.trap (main_linux.cpp.ede3e287_0.trap.tar.zst) for CWE242.link (208 of 768)
[2026-03-02 10:30:49] Importing _u_int16_t.h.bd69d5df.trap (main_linux.cpp.ede3e287_0.trap.tar.zst) for CWE242.link (209 of 768)
[2026-03-02 10:30:49] Importing _u_int32_t.h.312960f3.trap (main_linux.cpp.ede3e287_0.trap.tar.zst) for CWE242.link (210 of 768)
[2026-03-02 10:30:49] Importing _u_int64_t.h.d0bb021c.trap (main_linux.cpp.ede3e287_0.trap.tar.zst) for CWE242.link (211 of 768)
[2026-03-02 10:30:49] Importing _intptr_t.h.721a184a.trap (main_linux.cpp.ede3e287_0.trap.tar.zst) for CWE242.link (212 of 768)
[2026-03-02 10:30:49] Importing _uintptr_t.h.70f5e9d7.trap (main_linux.cpp.ede3e287_0.trap.tar.zst) for CWE242.link (213 of 768)
[2026-03-02 10:30:49] Importing types.h.9ffe0664.trap (main_linux.cpp.ede3e287_0.trap.tar.zst) for CWE242.link (214 of 768)
[2026-03-02 10:30:49] Importing types.h.e06d7f62.trap (main_linux.cpp.ede3e287_0.trap.tar.zst) for CWE242.link (215 of 768)
[2026-03-02 10:30:49] Importing _clock_t.h.5fb27bb3.trap (main_linux.cpp.ede3e287_0.trap.tar.zst) for CWE242.link (216 of 768)
[2026-03-02 10:30:49] Importing _null.h.c850d7b0.trap (main_linux.cpp.ede3e287_0.trap.tar.zst) for CWE242.link (217 of 768)
[2026-03-02 10:30:49] Importing _size_t.h.733d6c9a.trap (main_linux.cpp.ede3e287_0.trap.tar.zst) for CWE242.link (218 of 768)
[2026-03-02 10:30:49] Importing _time_t.h.d28242a0.trap (main_linux.cpp.ede3e287_0.trap.tar.zst) for CWE242.link (219 of 768)
[2026-03-02 10:30:49] Importing _timespec.h.c65b3ca7.trap (main_linux.cpp.ede3e287_0.trap.tar.zst) for CWE242.link (220 of 768)
[2026-03-02 10:30:49] Importing _time.h.4e58eb22.trap (main_linux.cpp.ede3e287_0.trap.tar.zst) for CWE242.link (221 of 768)
[2026-03-02 10:30:49] Importing time.h.26b3844b.trap (main_linux.cpp.ede3e287_0.trap.tar.zst) for CWE242.link (222 of 768)
[2026-03-02 10:30:49] Importing __config_site.0539d1a2.trap (main_linux.cpp.ede3e287_0.trap.tar.zst) for CWE242.link (223 of 768)
[2026-03-02 10:30:49] Importing compiler.h.16466012.trap (main_linux.cpp.ede3e287_0.trap.tar.zst) for CWE242.link (224 of 768)
[2026-03-02 10:30:49] Importing platform.h.883aa602.trap (main_linux.cpp.ede3e287_0.trap.tar.zst) for CWE242.link (225 of 768)
[2026-03-02 10:30:49] Importing abi.h.c4018a89.trap (main_linux.cpp.ede3e287_0.trap.tar.zst) for CWE242.link (226 of 768)
[2026-03-02 10:30:49] Importing language.h.061b14d1.trap (main_linux.cpp.ede3e287_0.trap.tar.zst) for CWE242.link (227 of 768)
[2026-03-02 10:30:49] Importing availability.h.6761ad51.trap (main_linux.cpp.ede3e287_0.trap.tar.zst) for CWE242.link (228 of 768)
[2026-03-02 10:30:49] Importing __config.2f898f4f.trap (main_linux.cpp.ede3e287_0.trap.tar.zst) for CWE242.link (229 of 768)
[2026-03-02 10:30:49] Importing Availability.h.413c1118.trap (main_linux.cpp.ede3e287_0.trap.tar.zst) for CWE242.link (230 of 768)
[2026-03-02 10:30:49] Importing _pid_t.h.117f8edf.trap (main_linux.cpp.ede3e287_0.trap.tar.zst) for CWE242.link (231 of 768)
[2026-03-02 10:30:49] Importing _id_t.h.ac6a9ea5.trap (main_linux.cpp.ede3e287_0.trap.tar.zst) for CWE242.link (232 of 768)
[2026-03-02 10:30:49] Importing appleapiopts.h.0d0fda4b.trap (main_linux.cpp.ede3e287_0.trap.tar.zst) for CWE242.link (233 of 768)
[2026-03-02 10:30:49] Importing signal.h.7b7a1a6e.trap (main_linux.cpp.ede3e287_0.trap.tar.zst) for CWE242.link (234 of 768)
[2026-03-02 10:30:49] Importing signal.h.8103c343.trap (main_linux.cpp.ede3e287_0.trap.tar.zst) for CWE242.link (235 of 768)
[2026-03-02 10:30:49] Importing _structs.h.218e99cd.trap (main_linux.cpp.ede3e287_0.trap.tar.zst) for CWE242.link (236 of 768)
[2026-03-02 10:30:49] Importing _structs.h.b8a33afc.trap (main_linux.cpp.ede3e287_0.trap.tar.zst) for CWE242.link (237 of 768)
[2026-03-02 10:30:49] Importing _mcontext.h.49165a17.trap (main_linux.cpp.ede3e287_0.trap.tar.zst) for CWE242.link (238 of 768)
[2026-03-02 10:30:49] Importing _mcontext.h.58b69c63.trap (main_linux.cpp.ede3e287_0.trap.tar.zst) for CWE242.link (239 of 768)
[2026-03-02 10:30:49] Importing _pthread_attr_t.h.0160a8a8.trap (main_linux.cpp.ede3e287_0.trap.tar.zst) for CWE242.link (240 of 768)
[2026-03-02 10:30:49] Importing _sigaltstack.h.d7f96328.trap (main_linux.cpp.ede3e287_0.trap.tar.zst) for CWE242.link (241 of 768)
[2026-03-02 10:30:49] Importing _ucontext.h.e91ecefa.trap (main_linux.cpp.ede3e287_0.trap.tar.zst) for CWE242.link (242 of 768)
[2026-03-02 10:30:49] Importing _sigset_t.h.09efed2c.trap (main_linux.cpp.ede3e287_0.trap.tar.zst) for CWE242.link (243 of 768)
[2026-03-02 10:30:49] Importing _size_t.h.f053eda8.trap (main_linux.cpp.ede3e287_0.trap.tar.zst) for CWE242.link (244 of 768)
[2026-03-02 10:30:49] Importing _uid_t.h.2a6a8739.trap (main_linux.cpp.ede3e287_0.trap.tar.zst) for CWE242.link (245 of 768)
[2026-03-02 10:30:49] Importing signal.h.ea1d62e2.trap (main_linux.cpp.ede3e287_0.trap.tar.zst) for CWE242.link (246 of 768)
[2026-03-02 10:30:49] Importing _uint8_t.h.e2cbee6e.trap (main_linux.cpp.ede3e287_0.trap.tar.zst) for CWE242.link (247 of 768)
[2026-03-02 10:30:49] Importing _uint16_t.h.a4eba337.trap (main_linux.cpp.ede3e287_0.trap.tar.zst) for CWE242.link (248 of 768)
[2026-03-02 10:30:49] Importing _uint32_t.h.ca03f145.trap (main_linux.cpp.ede3e287_0.trap.tar.zst) for CWE242.link (249 of 768)
[2026-03-02 10:30:49] Importing _uint64_t.h.598def32.trap (main_linux.cpp.ede3e287_0.trap.tar.zst) for CWE242.link (250 of 768)
[2026-03-02 10:30:49] Importing _intmax_t.h.2c4886ae.trap (main_linux.cpp.ede3e287_0.trap.tar.zst) for CWE242.link (251 of 768)
[2026-03-02 10:30:49] Importing _uintmax_t.h.d5ccc8df.trap (main_linux.cpp.ede3e287_0.trap.tar.zst) for CWE242.link (252 of 768)
[2026-03-02 10:30:49] Importing stdint.h.b78bc52f.trap (main_linux.cpp.ede3e287_0.trap.tar.zst) for CWE242.link (253 of 768)
[2026-03-02 10:30:49] Importing stdint.h.712a4e22.trap (main_linux.cpp.ede3e287_0.trap.tar.zst) for CWE242.link (254 of 768)
[2026-03-02 10:30:49] Importing stdint.h.cbf87649.trap (main_linux.cpp.ede3e287_0.trap.tar.zst) for CWE242.link (255 of 768)
[2026-03-02 10:30:49] Importing _timeval.h.ec79be32.trap (main_linux.cpp.ede3e287_0.trap.tar.zst) for CWE242.link (256 of 768)
[2026-03-02 10:30:49] Importing resource.h.bed2657a.trap (main_linux.cpp.ede3e287_0.trap.tar.zst) for CWE242.link (257 of 768)
[2026-03-02 10:30:49] Importing __endian.h.c5f137bc.trap (main_linux.cpp.ede3e287_0.trap.tar.zst) for CWE242.link (258 of 768)
[2026-03-02 10:30:49] Importing _endian.h.b851437c.trap (main_linux.cpp.ede3e287_0.trap.tar.zst) for CWE242.link (259 of 768)
[2026-03-02 10:30:49] Importing _endian.h.2c59fb72.trap (main_linux.cpp.ede3e287_0.trap.tar.zst) for CWE242.link (260 of 768)
[2026-03-02 10:30:49] Importing _OSByteOrder.h.5ba1ae58.trap (main_linux.cpp.ede3e287_0.trap.tar.zst) for CWE242.link (261 of 768)
[2026-03-02 10:30:49] Importing _OSByteOrder.h.9d0e9400.trap (main_linux.cpp.ede3e287_0.trap.tar.zst) for CWE242.link (262 of 768)
[2026-03-02 10:30:49] Importing _endian.h.6689c988.trap (main_linux.cpp.ede3e287_0.trap.tar.zst) for CWE242.link (263 of 768)
[2026-03-02 10:30:49] Importing endian.h.49c4c206.trap (main_linux.cpp.ede3e287_0.trap.tar.zst) for CWE242.link (264 of 768)
[2026-03-02 10:30:49] Importing endian.h.d48e730f.trap (main_linux.cpp.ede3e287_0.trap.tar.zst) for CWE242.link (265 of 768)
[2026-03-02 10:30:49] Importing wait.h.8fa7c667.trap (main_linux.cpp.ede3e287_0.trap.tar.zst) for CWE242.link (266 of 768)
[2026-03-02 10:30:49] Importing alloca.h.3cdcd8c4.trap (main_linux.cpp.ede3e287_0.trap.tar.zst) for CWE242.link (267 of 768)
[2026-03-02 10:30:49] Importing _ct_rune_t.h.0621b199.trap (main_linux.cpp.ede3e287_0.trap.tar.zst) for CWE242.link (268 of 768)
[2026-03-02 10:30:49] Importing _rune_t.h.ad493c8b.trap (main_linux.cpp.ede3e287_0.trap.tar.zst) for CWE242.link (269 of 768)
[2026-03-02 10:30:49] Importing _wchar_t.h.17df62f9.trap (main_linux.cpp.ede3e287_0.trap.tar.zst) for CWE242.link (270 of 768)
[2026-03-02 10:30:49] Importing _null.h.ba93b67f.trap (main_linux.cpp.ede3e287_0.trap.tar.zst) for CWE242.link (271 of 768)
[2026-03-02 10:30:49] Importing _ptrcheck.h.c630b0c6.trap (main_linux.cpp.ede3e287_0.trap.tar.zst) for CWE242.link (272 of 768)
[2026-03-02 10:30:49] Importing _malloc_type.h.3bc7235d.trap (main_linux.cpp.ede3e287_0.trap.tar.zst) for CWE242.link (273 of 768)
[2026-03-02 10:30:49] Importing _malloc.h.67c58d7f.trap (main_linux.cpp.ede3e287_0.trap.tar.zst) for CWE242.link (274 of 768)
[2026-03-02 10:30:49] Importing _abort.h.8c9439ec.trap (main_linux.cpp.ede3e287_0.trap.tar.zst) for CWE242.link (275 of 768)
[2026-03-02 10:30:49] Importing _dev_t.h.e9d5f812.trap (main_linux.cpp.ede3e287_0.trap.tar.zst) for CWE242.link (276 of 768)
[2026-03-02 10:30:49] Importing _mode_t.h.2aa5f03e.trap (main_linux.cpp.ede3e287_0.trap.tar.zst) for CWE242.link (277 of 768)
[2026-03-02 10:30:49] Importing _stdlib.h.7883b499.trap (main_linux.cpp.ede3e287_0.trap.tar.zst) for CWE242.link (278 of 768)
[2026-03-02 10:30:49] Importing stdlib.h.bce2b523.trap (main_linux.cpp.ede3e287_0.trap.tar.zst) for CWE242.link (279 of 768)
[2026-03-02 10:30:49] Importing stdlib.h.a75b0625.trap (main_linux.cpp.ede3e287_0.trap.tar.zst) for CWE242.link (280 of 768)
[2026-03-02 10:30:49] Importing _va_list.h.d86eeb45.trap (main_linux.cpp.ede3e287_0.trap.tar.zst) for CWE242.link (281 of 768)
[2026-03-02 10:30:49] Importing stdio.h.189871af.trap (main_linux.cpp.ede3e287_0.trap.tar.zst) for CWE242.link (282 of 768)
[2026-03-02 10:30:49] Importing _printf.h.dca7acf2.trap (main_linux.cpp.ede3e287_0.trap.tar.zst) for CWE242.link (283 of 768)
[2026-03-02 10:30:49] Importing _seek_set.h.bfba5662.trap (main_linux.cpp.ede3e287_0.trap.tar.zst) for CWE242.link (284 of 768)
[2026-03-02 10:30:49] Importing _ctermid.h.dae6308a.trap (main_linux.cpp.ede3e287_0.trap.tar.zst) for CWE242.link (285 of 768)
[2026-03-02 10:30:49] Importing _off_t.h.0d8d34e9.trap (main_linux.cpp.ede3e287_0.trap.tar.zst) for CWE242.link (286 of 768)
[2026-03-02 10:30:49] Importing _ssize_t.h.572d2bc8.trap (main_linux.cpp.ede3e287_0.trap.tar.zst) for CWE242.link (287 of 768)
[2026-03-02 10:30:49] Importing _stdio.h.24c76aee.trap (main_linux.cpp.ede3e287_0.trap.tar.zst) for CWE242.link (288 of 768)
[2026-03-02 10:30:49] Importing stdio.h.127436a6.trap (main_linux.cpp.ede3e287_0.trap.tar.zst) for CWE242.link (289 of 768)
[2026-03-02 10:30:49] Importing stdio.h.f98344fc.trap (main_linux.cpp.ede3e287_0.trap.tar.zst) for CWE242.link (290 of 768)
[2026-03-02 10:30:49] Importing stdlib.h.0c34ce16.trap (main_linux.cpp.ede3e287_0.trap.tar.zst) for CWE242.link (291 of 768)
[2026-03-02 10:30:49] Importing __stddef_header_macro.h.f0604f99.trap (main_linux.cpp.ede3e287_0.trap.tar.zst) for CWE242.link (292 of 768)
[2026-03-02 10:30:49] Importing __stddef_ptrdiff_t.h.3a9ea148.trap (main_linux.cpp.ede3e287_0.trap.tar.zst) for CWE242.link (293 of 768)
[2026-03-02 10:30:49] Importing __stddef_size_t.h.94c12181.trap (main_linux.cpp.ede3e287_0.trap.tar.zst) for CWE242.link (294 of 768)
[2026-03-02 10:30:49] Importing __stddef_rsize_t.h.026aebf1.trap (main_linux.cpp.ede3e287_0.trap.tar.zst) for CWE242.link (295 of 768)
[2026-03-02 10:30:49] Importing __stddef_wchar_t.h.14832db2.trap (main_linux.cpp.ede3e287_0.trap.tar.zst) for CWE242.link (296 of 768)
[2026-03-02 10:30:49] Importing __stddef_null.h.28de6158.trap (main_linux.cpp.ede3e287_0.trap.tar.zst) for CWE242.link (297 of 768)
[2026-03-02 10:30:49] Importing __stddef_nullptr_t.h.d2dada16.trap (main_linux.cpp.ede3e287_0.trap.tar.zst) for CWE242.link (298 of 768)
[2026-03-02 10:30:49] Importing __stddef_max_align_t.h.824f5b59.trap (main_linux.cpp.ede3e287_0.trap.tar.zst) for CWE242.link (299 of 768)
[2026-03-02 10:30:49] Importing __stddef_offsetof.h.d747fd53.trap (main_linux.cpp.ede3e287_0.trap.tar.zst) for CWE242.link (300 of 768)
[2026-03-02 10:30:49] Importing stddef.h.8753428d.trap (main_linux.cpp.ede3e287_0.trap.tar.zst) for CWE242.link (301 of 768)
[2026-03-02 10:30:49] Importing stddef.h.17a54520.trap (main_linux.cpp.ede3e287_0.trap.tar.zst) for CWE242.link (302 of 768)
[2026-03-02 10:30:49] Importing _limits.h.34834e2d.trap (main_linux.cpp.ede3e287_0.trap.tar.zst) for CWE242.link (303 of 768)
[2026-03-02 10:30:49] Importing limits.h.6fa3ab6d.trap (main_linux.cpp.ede3e287_0.trap.tar.zst) for CWE242.link (304 of 768)
[2026-03-02 10:30:49] Importing limits.h.eb1957ee.trap (main_linux.cpp.ede3e287_0.trap.tar.zst) for CWE242.link (305 of 768)
[2026-03-02 10:30:49] Importing syslimits.h.e9affd4e.trap (main_linux.cpp.ede3e287_0.trap.tar.zst) for CWE242.link (306 of 768)
[2026-03-02 10:30:49] Importing limits.h.799eb504.trap (main_linux.cpp.ede3e287_0.trap.tar.zst) for CWE242.link (307 of 768)
[2026-03-02 10:30:49] Importing limits.h.331f45e1.trap (main_linux.cpp.ede3e287_0.trap.tar.zst) for CWE242.link (308 of 768)
[2026-03-02 10:30:49] Importing _null.h.9aa91c3a.trap (main_linux.cpp.ede3e287_0.trap.tar.zst) for CWE242.link (309 of 768)
[2026-03-02 10:30:49] Importing _rsize_t.h.ad337269.trap (main_linux.cpp.ede3e287_0.trap.tar.zst) for CWE242.link (310 of 768)
[2026-03-02 10:30:49] Importing _errno_t.h.5499e646.trap (main_linux.cpp.ede3e287_0.trap.tar.zst) for CWE242.link (311 of 768)
[2026-03-02 10:30:49] Importing _strings.h.7c30596b.trap (main_linux.cpp.ede3e287_0.trap.tar.zst) for CWE242.link (312 of 768)
[2026-03-02 10:30:49] Importing _string.h.c15e785e.trap (main_linux.cpp.ede3e287_0.trap.tar.zst) for CWE242.link (313 of 768)
[2026-03-02 10:30:49] Importing string.h.31c74f02.trap (main_linux.cpp.ede3e287_0.trap.tar.zst) for CWE242.link (314 of 768)
[2026-03-02 10:30:49] Importing string.h.294c22fe.trap (main_linux.cpp.ede3e287_0.trap.tar.zst) for CWE242.link (315 of 768)
[2026-03-02 10:30:49] Importing _wint_t.h.09e3666d.trap (main_linux.cpp.ede3e287_0.trap.tar.zst) for CWE242.link (316 of 768)
[2026-03-02 10:30:49] Importing runetype.h.eb39a274.trap (main_linux.cpp.ede3e287_0.trap.tar.zst) for CWE242.link (317 of 768)
[2026-03-02 10:30:49] Importing _ctype.h.9f372f8f.trap (main_linux.cpp.ede3e287_0.trap.tar.zst) for CWE242.link (318 of 768)
[2026-03-02 10:30:49] Importing ctype.h.5f0d3764.trap (main_linux.cpp.ede3e287_0.trap.tar.zst) for CWE242.link (319 of 768)
[2026-03-02 10:30:49] Importing ctype.h.5ed7dd56.trap (main_linux.cpp.ede3e287_0.trap.tar.zst) for CWE242.link (320 of 768)
[2026-03-02 10:30:49] Importing _o_sync.h.f0604f99.trap (main_linux.cpp.ede3e287_0.trap.tar.zst) for CWE242.link (321 of 768)
[2026-03-02 10:30:49] Importing _o_dsync.h.f0604f99.trap (main_linux.cpp.ede3e287_0.trap.tar.zst) for CWE242.link (322 of 768)
[2026-03-02 10:30:49] Importing _s_ifmt.h.f2305c3d.trap (main_linux.cpp.ede3e287_0.trap.tar.zst) for CWE242.link (323 of 768)
[2026-03-02 10:30:49] Importing _filesec_t.h.b2a264d0.trap (main_linux.cpp.ede3e287_0.trap.tar.zst) for CWE242.link (324 of 768)
[2026-03-02 10:30:49] Importing fcntl.h.3a2c47e9.trap (main_linux.cpp.ede3e287_0.trap.tar.zst) for CWE242.link (325 of 768)
[2026-03-02 10:30:49] Importing fcntl.h.fc053d5d.trap (main_linux.cpp.ede3e287_0.trap.tar.zst) for CWE242.link (326 of 768)
[2026-03-02 10:30:49] Importing _u_char.h.789a81cf.trap (main_linux.cpp.ede3e287_0.trap.tar.zst) for CWE242.link (327 of 768)
[2026-03-02 10:30:49] Importing _u_short.h.d2393deb.trap (main_linux.cpp.ede3e287_0.trap.tar.zst) for CWE242.link (328 of 768)
[2026-03-02 10:30:49] Importing _u_int.h.7e67662e.trap (main_linux.cpp.ede3e287_0.trap.tar.zst) for CWE242.link (329 of 768)
[2026-03-02 10:30:49] Importing _caddr_t.h.85825f72.trap (main_linux.cpp.ede3e287_0.trap.tar.zst) for CWE242.link (330 of 768)
[2026-03-02 10:30:49] Importing _blkcnt_t.h.4d23dc8f.trap (main_linux.cpp.ede3e287_0.trap.tar.zst) for CWE242.link (331 of 768)
[2026-03-02 10:30:49] Importing _blksize_t.h.30094a67.trap (main_linux.cpp.ede3e287_0.trap.tar.zst) for CWE242.link (332 of 768)
[2026-03-02 10:30:49] Importing _gid_t.h.8f157204.trap (main_linux.cpp.ede3e287_0.trap.tar.zst) for CWE242.link (333 of 768)
[2026-03-02 10:30:49] Importing _in_addr_t.h.f9269582.trap (main_linux.cpp.ede3e287_0.trap.tar.zst) for CWE242.link (334 of 768)
[2026-03-02 10:30:49] Importing _in_port_t.h.465dc423.trap (main_linux.cpp.ede3e287_0.trap.tar.zst) for CWE242.link (335 of 768)
[2026-03-02 10:30:49] Importing _ino_t.h.abed36ec.trap (main_linux.cpp.ede3e287_0.trap.tar.zst) for CWE242.link (336 of 768)
[2026-03-02 10:30:49] Importing _ino64_t.h.3200439f.trap (main_linux.cpp.ede3e287_0.trap.tar.zst) for CWE242.link (337 of 768)
[2026-03-02 10:30:49] Importing _key_t.h.121f6438.trap (main_linux.cpp.ede3e287_0.trap.tar.zst) for CWE242.link (338 of 768)
[2026-03-02 10:30:49] Importing _nlink_t.h.2d826489.trap (main_linux.cpp.ede3e287_0.trap.tar.zst) for CWE242.link (339 of 768)
[2026-03-02 10:30:49] Importing _useconds_t.h.d6f0da40.trap (main_linux.cpp.ede3e287_0.trap.tar.zst) for CWE242.link (340 of 768)
[2026-03-02 10:30:49] Importing _suseconds_t.h.43b6e89c.trap (main_linux.cpp.ede3e287_0.trap.tar.zst) for CWE242.link (341 of 768)
[2026-03-02 10:30:49] Importing _fd_def.h.6d6364ae.trap (main_linux.cpp.ede3e287_0.trap.tar.zst) for CWE242.link (342 of 768)
[2026-03-02 10:30:49] Importing _fd_setsize.h.3c1c3d83.trap (main_linux.cpp.ede3e287_0.trap.tar.zst) for CWE242.link (343 of 768)
[2026-03-02 10:30:49] Importing _fd_set.h.3c1c3d83.trap (main_linux.cpp.ede3e287_0.trap.tar.zst) for CWE242.link (344 of 768)
[2026-03-02 10:30:49] Importing _fd_clr.h.3c1c3d83.trap (main_linux.cpp.ede3e287_0.trap.tar.zst) for CWE242.link (345 of 768)
[2026-03-02 10:30:49] Importing _fd_zero.h.3c1c3d83.trap (main_linux.cpp.ede3e287_0.trap.tar.zst) for CWE242.link (346 of 768)
[2026-03-02 10:30:49] Importing _fd_isset.h.3c1c3d83.trap (main_linux.cpp.ede3e287_0.trap.tar.zst) for CWE242.link (347 of 768)
[2026-03-02 10:30:49] Importing _fd_copy.h.3c1c3d83.trap (main_linux.cpp.ede3e287_0.trap.tar.zst) for CWE242.link (348 of 768)
[2026-03-02 10:30:49] Importing _pthread_cond_t.h.d007a202.trap (main_linux.cpp.ede3e287_0.trap.tar.zst) for CWE242.link (349 of 768)
[2026-03-02 10:30:49] Importing _pthread_condattr_t.h.26949a6e.trap (main_linux.cpp.ede3e287_0.trap.tar.zst) for CWE242.link (350 of 768)
[2026-03-02 10:30:49] Importing _pthread_mutex_t.h.51b144a6.trap (main_linux.cpp.ede3e287_0.trap.tar.zst) for CWE242.link (351 of 768)
[2026-03-02 10:30:49] Importing _pthread_mutexattr_t.h.af3ad772.trap (main_linux.cpp.ede3e287_0.trap.tar.zst) for CWE242.link (352 of 768)
[2026-03-02 10:30:49] Importing _pthread_once_t.h.95bb4d28.trap (main_linux.cpp.ede3e287_0.trap.tar.zst) for CWE242.link (353 of 768)
[2026-03-02 10:30:49] Importing _pthread_rwlock_t.h.b344b1c2.trap (main_linux.cpp.ede3e287_0.trap.tar.zst) for CWE242.link (354 of 768)
[2026-03-02 10:30:49] Importing _pthread_rwlockattr_t.h.03460348.trap (main_linux.cpp.ede3e287_0.trap.tar.zst) for CWE242.link (355 of 768)
[2026-03-02 10:30:49] Importing _pthread_t.h.dcb0861c.trap (main_linux.cpp.ede3e287_0.trap.tar.zst) for CWE242.link (356 of 768)
[2026-03-02 10:30:49] Importing _pthread_key_t.h.1a467f51.trap (main_linux.cpp.ede3e287_0.trap.tar.zst) for CWE242.link (357 of 768)
[2026-03-02 10:30:49] Importing _fsblkcnt_t.h.38b1b65c.trap (main_linux.cpp.ede3e287_0.trap.tar.zst) for CWE242.link (358 of 768)
[2026-03-02 10:30:49] Importing _fsfilcnt_t.h.bd78ce52.trap (main_linux.cpp.ede3e287_0.trap.tar.zst) for CWE242.link (359 of 768)
[2026-03-02 10:30:49] Importing types.h.9782d118.trap (main_linux.cpp.ede3e287_0.trap.tar.zst) for CWE242.link (360 of 768)
[2026-03-02 10:30:49] Importing stat.h.97cdf885.trap (main_linux.cpp.ede3e287_0.trap.tar.zst) for CWE242.link (361 of 768)
[2026-03-02 10:30:49] Importing size_t.h.1d639d65.trap (main_linux.cpp.ede3e287_0.trap.tar.zst) for CWE242.link (362 of 768)
[2026-03-02 10:30:49] Importing align_val_t.h.8128b819.trap (main_linux.cpp.ede3e287_0.trap.tar.zst) for CWE242.link (363 of 768)
[2026-03-02 10:30:49] Importing __stddef_ptrdiff_t.h.4a9313e6.trap (main_linux.cpp.ede3e287_0.trap.tar.zst) for CWE242.link (364 of 768)
[2026-03-02 10:30:49] Importing __stddef_rsize_t.h.ec342169.trap (main_linux.cpp.ede3e287_0.trap.tar.zst) for CWE242.link (365 of 768)
[2026-03-02 10:30:49] Importing __stddef_nullptr_t.h.8c94a854.trap (main_linux.cpp.ede3e287_0.trap.tar.zst) for CWE242.link (366 of 768)
[2026-03-02 10:30:49] Importing __stddef_offsetof.h.a042c7d1.trap (main_linux.cpp.ede3e287_0.trap.tar.zst) for CWE242.link (367 of 768)
[2026-03-02 10:30:49] Importing stddef.h.961a42e4.trap (main_linux.cpp.ede3e287_0.trap.tar.zst) for CWE242.link (368 of 768)
[2026-03-02 10:30:49] Importing stddef.h.3742f405.trap (main_linux.cpp.ede3e287_0.trap.tar.zst) for CWE242.link (369 of 768)
[2026-03-02 10:30:49] Importing max_align_t.h.13048093.trap (main_linux.cpp.ede3e287_0.trap.tar.zst) for CWE242.link (370 of 768)
[2026-03-02 10:30:49] Importing exception.h.55ff9833.trap (main_linux.cpp.ede3e287_0.trap.tar.zst) for CWE242.link (371 of 768)
[2026-03-02 10:30:49] Importing __verbose_abort.55b286b9.trap (main_linux.cpp.ede3e287_0.trap.tar.zst) for CWE242.link (372 of 768)
[2026-03-02 10:30:49] Importing exceptions.h.8a562c65.trap (main_linux.cpp.ede3e287_0.trap.tar.zst) for CWE242.link (373 of 768)
[2026-03-02 10:30:49] Importing nothrow_t.h.db340cd4.trap (main_linux.cpp.ede3e287_0.trap.tar.zst) for CWE242.link (374 of 768)
[2026-03-02 10:30:49] Importing global_new_delete.h.85e4f95d.trap (main_linux.cpp.ede3e287_0.trap.tar.zst) for CWE242.link (375 of 768)
[2026-03-02 10:30:49] Importing type_identity.h.37789797.trap (main_linux.cpp.ede3e287_0.trap.tar.zst) for CWE242.link (376 of 768)
[2026-03-02 10:30:49] Importing element_count.h.1e89b7c8.trap (main_linux.cpp.ede3e287_0.trap.tar.zst) for CWE242.link (377 of 768)
[2026-03-02 10:30:49] Importing global_typed_new_delete.h.8974f0af.trap (main_linux.cpp.ede3e287_0.trap.tar.zst) for CWE242.link (378 of 768)
[2026-03-02 10:30:49] Importing allocate.h.03c38741.trap (main_linux.cpp.ede3e287_0.trap.tar.zst) for CWE242.link (379 of 768)
[2026-03-02 10:30:49] Importing new_handler.h.a3a1517a.trap (main_linux.cpp.ede3e287_0.trap.tar.zst) for CWE242.link (380 of 768)
[2026-03-02 10:30:49] Importing placement_new_delete.h.dc5b1262.trap (main_linux.cpp.ede3e287_0.trap.tar.zst) for CWE242.link (381 of 768)
[2026-03-02 10:30:49] Importing interference_size.h.ad4491b7.trap (main_linux.cpp.ede3e287_0.trap.tar.zst) for CWE242.link (382 of 768)
[2026-03-02 10:30:49] Importing integral_constant.h.d1387226.trap (main_linux.cpp.ede3e287_0.trap.tar.zst) for CWE242.link (383 of 768)
[2026-03-02 10:30:49] Importing is_function.h.e50ac2b2.trap (main_linux.cpp.ede3e287_0.trap.tar.zst) for CWE242.link (384 of 768)
[2026-03-02 10:30:49] Importing is_void.h.18b71164.trap (main_linux.cpp.ede3e287_0.trap.tar.zst) for CWE242.link (385 of 768)
[2026-03-02 10:30:49] Importing launder.h.98533866.trap (main_linux.cpp.ede3e287_0.trap.tar.zst) for CWE242.link (386 of 768)
[2026-03-02 10:30:49] Importing version.13f39c23.trap (main_linux.cpp.ede3e287_0.trap.tar.zst) for CWE242.link (387 of 768)
[2026-03-02 10:30:49] Importing byte.h.b2af7693.trap (main_linux.cpp.ede3e287_0.trap.tar.zst) for CWE242.link (388 of 768)
[2026-03-02 10:30:49] Importing enable_if.h.358ae6aa.trap (main_linux.cpp.ede3e287_0.trap.tar.zst) for CWE242.link (389 of 768)
[2026-03-02 10:30:49] Importing remove_cv.h.d1e94b70.trap (main_linux.cpp.ede3e287_0.trap.tar.zst) for CWE242.link (390 of 768)
[2026-03-02 10:30:49] Importing is_integral.h.d31d1fe2.trap (main_linux.cpp.ede3e287_0.trap.tar.zst) for CWE242.link (391 of 768)
[2026-03-02 10:30:49] Importing byte.h.92ec526a.trap (main_linux.cpp.ede3e287_0.trap.tar.zst) for CWE242.link (392 of 768)
[2026-03-02 10:30:49] Importing nullptr_t.h.8bcfef3f.trap (main_linux.cpp.ede3e287_0.trap.tar.zst) for CWE242.link (393 of 768)
[2026-03-02 10:30:49] Importing ptrdiff_t.h.bd2ca1c1.trap (main_linux.cpp.ede3e287_0.trap.tar.zst) for CWE242.link (394 of 768)
[2026-03-02 10:30:49] Importing cstddef.7a9bd746.trap (main_linux.cpp.ede3e287_0.trap.tar.zst) for CWE242.link (395 of 768)
[2026-03-02 10:30:49] Importing cstdlib.f4d3ffbe.trap (main_linux.cpp.ede3e287_0.trap.tar.zst) for CWE242.link (396 of 768)
[2026-03-02 10:30:49] Importing add_cv_quals.h.1db25bff.trap (main_linux.cpp.ede3e287_0.trap.tar.zst) for CWE242.link (397 of 768)
[2026-03-02 10:30:49] Importing is_same.h.1c51a5ff.trap (main_linux.cpp.ede3e287_0.trap.tar.zst) for CWE242.link (398 of 768)
[2026-03-02 10:30:49] Importing is_referenceable.h.a19eee58.trap (main_linux.cpp.ede3e287_0.trap.tar.zst) for CWE242.link (399 of 768)
[2026-03-02 10:30:49] Importing add_lvalue_reference.h.f90b036a.trap (main_linux.cpp.ede3e287_0.trap.tar.zst) for CWE242.link (400 of 768)
[2026-03-02 10:30:49] Importing remove_reference.h.eb463fa8.trap (main_linux.cpp.ede3e287_0.trap.tar.zst) for CWE242.link (401 of 768)
[2026-03-02 10:30:49] Importing add_pointer.h.bc04bb0b.trap (main_linux.cpp.ede3e287_0.trap.tar.zst) for CWE242.link (402 of 768)
[2026-03-02 10:30:49] Importing add_rvalue_reference.h.8ff9b994.trap (main_linux.cpp.ede3e287_0.trap.tar.zst) for CWE242.link (403 of 768)
[2026-03-02 10:30:49] Importing type_list.h.e810b48d.trap (main_linux.cpp.ede3e287_0.trap.tar.zst) for CWE242.link (404 of 768)
[2026-03-02 10:30:49] Importing aligned_storage.h.9fee04b7.trap (main_linux.cpp.ede3e287_0.trap.tar.zst) for CWE242.link (405 of 768)
[2026-03-02 10:30:49] Importing aligned_union.h.3c85cb9d.trap (main_linux.cpp.ede3e287_0.trap.tar.zst) for CWE242.link (406 of 768)
[2026-03-02 10:30:49] Importing alignment_of.h.bfca06d2.trap (main_linux.cpp.ede3e287_0.trap.tar.zst) for CWE242.link (407 of 768)
[2026-03-02 10:30:49] Importing conditional.h.67ef3d56.trap (main_linux.cpp.ede3e287_0.trap.tar.zst) for CWE242.link (408 of 768)
[2026-03-02 10:30:49] Importing is_array.h.4ec2670a.trap (main_linux.cpp.ede3e287_0.trap.tar.zst) for CWE242.link (409 of 768)
[2026-03-02 10:30:49] Importing remove_extent.h.15b34852.trap (main_linux.cpp.ede3e287_0.trap.tar.zst) for CWE242.link (410 of 768)
[2026-03-02 10:30:49] Importing decay.h.1f48fe4e.trap (main_linux.cpp.ede3e287_0.trap.tar.zst) for CWE242.link (411 of 768)
[2026-03-02 10:30:49] Importing remove_cvref.h.1844d39b.trap (main_linux.cpp.ede3e287_0.trap.tar.zst) for CWE242.link (412 of 768)
[2026-03-02 10:30:49] Importing void_t.h.f3aadd1f.trap (main_linux.cpp.ede3e287_0.trap.tar.zst) for CWE242.link (413 of 768)
[2026-03-02 10:30:49] Importing declval.h.97cf0a01.trap (main_linux.cpp.ede3e287_0.trap.tar.zst) for CWE242.link (414 of 768)
[2026-03-02 10:30:49] Importing empty.h.f5a4554d.trap (main_linux.cpp.ede3e287_0.trap.tar.zst) for CWE242.link (415 of 768)
[2026-03-02 10:30:49] Importing common_type.h.683a438e.trap (main_linux.cpp.ede3e287_0.trap.tar.zst) for CWE242.link (416 of 768)
[2026-03-02 10:30:49] Importing extent.h.36a01793.trap (main_linux.cpp.ede3e287_0.trap.tar.zst) for CWE242.link (417 of 768)
[2026-03-02 10:30:49] Importing has_virtual_destructor.h.7ecedad9.trap (main_linux.cpp.ede3e287_0.trap.tar.zst) for CWE242.link (418 of 768)
[2026-03-02 10:30:49] Importing is_abstract.h.a04945f8.trap (main_linux.cpp.ede3e287_0.trap.tar.zst) for CWE242.link (419 of 768)
[2026-03-02 10:30:49] Importing is_floating_point.h.d607e5ed.trap (main_linux.cpp.ede3e287_0.trap.tar.zst) for CWE242.link (420 of 768)
[2026-03-02 10:30:49] Importing is_arithmetic.h.04e082d7.trap (main_linux.cpp.ede3e287_0.trap.tar.zst) for CWE242.link (421 of 768)
[2026-03-02 10:30:49] Importing is_assignable.h.4d568631.trap (main_linux.cpp.ede3e287_0.trap.tar.zst) for CWE242.link (422 of 768)
[2026-03-02 10:30:49] Importing is_base_of.h.67b68483.trap (main_linux.cpp.ede3e287_0.trap.tar.zst) for CWE242.link (423 of 768)
[2026-03-02 10:30:49] Importing is_class.h.8c4d3bd9.trap (main_linux.cpp.ede3e287_0.trap.tar.zst) for CWE242.link (424 of 768)
[2026-03-02 10:30:49] Importing is_null_pointer.h.27b8e76e.trap (main_linux.cpp.ede3e287_0.trap.tar.zst) for CWE242.link (425 of 768)
[2026-03-02 10:30:49] Importing is_fundamental.h.7bbe0c41.trap (main_linux.cpp.ede3e287_0.trap.tar.zst) for CWE242.link (426 of 768)
[2026-03-02 10:30:49] Importing is_compound.h.8f186770.trap (main_linux.cpp.ede3e287_0.trap.tar.zst) for CWE242.link (427 of 768)
[2026-03-02 10:30:49] Importing is_const.h.17688c00.trap (main_linux.cpp.ede3e287_0.trap.tar.zst) for CWE242.link (428 of 768)
[2026-03-02 10:30:49] Importing is_constructible.h.0afa32f1.trap (main_linux.cpp.ede3e287_0.trap.tar.zst) for CWE242.link (429 of 768)
[2026-03-02 10:30:49] Importing is_convertible.h.fc176a72.trap (main_linux.cpp.ede3e287_0.trap.tar.zst) for CWE242.link (430 of 768)
[2026-03-02 10:30:49] Importing is_reference.h.2300606c.trap (main_linux.cpp.ede3e287_0.trap.tar.zst) for CWE242.link (431 of 768)
[2026-03-02 10:30:49] Importing remove_all_extents.h.3151e9e8.trap (main_linux.cpp.ede3e287_0.trap.tar.zst) for CWE242.link (432 of 768)
[2026-03-02 10:30:49] Importing is_destructible.h.3cd14ab5.trap (main_linux.cpp.ede3e287_0.trap.tar.zst) for CWE242.link (433 of 768)
[2026-03-02 10:30:49] Importing is_empty.h.b1691d3c.trap (main_linux.cpp.ede3e287_0.trap.tar.zst) for CWE242.link (434 of 768)
[2026-03-02 10:30:49] Importing is_enum.h.4b0225c8.trap (main_linux.cpp.ede3e287_0.trap.tar.zst) for CWE242.link (435 of 768)
[2026-03-02 10:30:49] Importing is_literal_type.h.5a925bbd.trap (main_linux.cpp.ede3e287_0.trap.tar.zst) for CWE242.link (436 of 768)
[2026-03-02 10:30:49] Importing is_member_pointer.h.4afbb384.trap (main_linux.cpp.ede3e287_0.trap.tar.zst) for CWE242.link (437 of 768)
[2026-03-02 10:30:49] Importing is_nothrow_assignable.h.eed91533.trap (main_linux.cpp.ede3e287_0.trap.tar.zst) for CWE242.link (438 of 768)
[2026-03-02 10:30:49] Importing is_nothrow_constructible.h.11bb6224.trap (main_linux.cpp.ede3e287_0.trap.tar.zst) for CWE242.link (439 of 768)
[2026-03-02 10:30:49] Importing is_nothrow_destructible.h.a8ca471b.trap (main_linux.cpp.ede3e287_0.trap.tar.zst) for CWE242.link (440 of 768)
[2026-03-02 10:30:49] Importing is_object.h.f201ded0.trap (main_linux.cpp.ede3e287_0.trap.tar.zst) for CWE242.link (441 of 768)
[2026-03-02 10:30:49] Importing is_pod.h.ffd39dce.trap (main_linux.cpp.ede3e287_0.trap.tar.zst) for CWE242.link (442 of 768)
[2026-03-02 10:30:49] Importing is_pointer.h.b955bf4c.trap (main_linux.cpp.ede3e287_0.trap.tar.zst) for CWE242.link (443 of 768)
[2026-03-02 10:30:49] Importing is_polymorphic.h.e1d1f96e.trap (main_linux.cpp.ede3e287_0.trap.tar.zst) for CWE242.link (444 of 768)
[2026-03-02 10:30:49] Importing is_scalar.h.4f0256e4.trap (main_linux.cpp.ede3e287_0.trap.tar.zst) for CWE242.link (445 of 768)
[2026-03-02 10:30:49] Importing is_signed.h.b430b6bf.trap (main_linux.cpp.ede3e287_0.trap.tar.zst) for CWE242.link (446 of 768)
[2026-03-02 10:30:49] Importing is_standard_layout.h.328d5569.trap (main_linux.cpp.ede3e287_0.trap.tar.zst) for CWE242.link (447 of 768)
[2026-03-02 10:30:49] Importing is_trivial.h.36a62779.trap (main_linux.cpp.ede3e287_0.trap.tar.zst) for CWE242.link (448 of 768)
[2026-03-02 10:30:49] Importing is_trivially_assignable.h.f9f72414.trap (main_linux.cpp.ede3e287_0.trap.tar.zst) for CWE242.link (449 of 768)
[2026-03-02 10:30:49] Importing is_trivially_constructible.h.504ff41d.trap (main_linux.cpp.ede3e287_0.trap.tar.zst) for CWE242.link (450 of 768)
[2026-03-02 10:30:49] Importing cstdint.bb859daf.trap (main_linux.cpp.ede3e287_0.trap.tar.zst) for CWE242.link (451 of 768)
[2026-03-02 10:30:49] Importing is_trivially_copyable.h.a7ec619a.trap (main_linux.cpp.ede3e287_0.trap.tar.zst) for CWE242.link (452 of 768)
[2026-03-02 10:30:49] Importing is_trivially_destructible.h.74003368.trap (main_linux.cpp.ede3e287_0.trap.tar.zst) for CWE242.link (453 of 768)
[2026-03-02 10:30:49] Importing is_union.h.e6cb7a14.trap (main_linux.cpp.ede3e287_0.trap.tar.zst) for CWE242.link (454 of 768)
[2026-03-02 10:30:49] Importing is_unsigned.h.d7bed496.trap (main_linux.cpp.ede3e287_0.trap.tar.zst) for CWE242.link (455 of 768)
[2026-03-02 10:30:49] Importing is_volatile.h.4b609ca6.trap (main_linux.cpp.ede3e287_0.trap.tar.zst) for CWE242.link (456 of 768)
[2026-03-02 10:30:49] Importing copy_cv.h.46bf3537.trap (main_linux.cpp.ede3e287_0.trap.tar.zst) for CWE242.link (457 of 768)
[2026-03-02 10:30:49] Importing make_signed.h.eaa72c60.trap (main_linux.cpp.ede3e287_0.trap.tar.zst) for CWE242.link (458 of 768)
[2026-03-02 10:30:49] Importing make_unsigned.h.77c41bb9.trap (main_linux.cpp.ede3e287_0.trap.tar.zst) for CWE242.link (459 of 768)
[2026-03-02 10:30:49] Importing rank.h.8c8ddb30.trap (main_linux.cpp.ede3e287_0.trap.tar.zst) for CWE242.link (460 of 768)
[2026-03-02 10:30:49] Importing remove_const.h.a801e983.trap (main_linux.cpp.ede3e287_0.trap.tar.zst) for CWE242.link (461 of 768)
[2026-03-02 10:30:49] Importing remove_pointer.h.7950e28b.trap (main_linux.cpp.ede3e287_0.trap.tar.zst) for CWE242.link (462 of 768)
[2026-03-02 10:30:49] Importing remove_volatile.h.4679050a.trap (main_linux.cpp.ede3e287_0.trap.tar.zst) for CWE242.link (463 of 768)
[2026-03-02 10:30:49] Importing is_core_convertible.h.9559d7b3.trap (main_linux.cpp.ede3e287_0.trap.tar.zst) for CWE242.link (464 of 768)
[2026-03-02 10:30:49] Importing functional.h.44f78f6e.trap (main_linux.cpp.ede3e287_0.trap.tar.zst) for CWE242.link (465 of 768)
[2026-03-02 10:30:49] Importing is_reference_wrapper.h.6613f0dc.trap (main_linux.cpp.ede3e287_0.trap.tar.zst) for CWE242.link (466 of 768)
[2026-03-02 10:30:49] Importing nat.h.70cb6321.trap (main_linux.cpp.ede3e287_0.trap.tar.zst) for CWE242.link (467 of 768)
[2026-03-02 10:30:49] Importing forward.h.7db6f0ec.trap (main_linux.cpp.ede3e287_0.trap.tar.zst) for CWE242.link (468 of 768)
[2026-03-02 10:30:49] Importing invoke.h.eafbcbdc.trap (main_linux.cpp.ede3e287_0.trap.tar.zst) for CWE242.link (469 of 768)
[2026-03-02 10:30:49] Importing result_of.h.2f2401e4.trap (main_linux.cpp.ede3e287_0.trap.tar.zst) for CWE242.link (470 of 768)
[2026-03-02 10:30:49] Importing underlying_type.h.a0863ca2.trap (main_linux.cpp.ede3e287_0.trap.tar.zst) for CWE242.link (471 of 768)
[2026-03-02 10:30:49] Importing is_final.h.3ec36049.trap (main_linux.cpp.ede3e287_0.trap.tar.zst) for CWE242.link (472 of 768)
[2026-03-02 10:30:49] Importing conjunction.h.d55375d3.trap (main_linux.cpp.ede3e287_0.trap.tar.zst) for CWE242.link (473 of 768)
[2026-03-02 10:30:49] Importing disjunction.h.beb8101b.trap (main_linux.cpp.ede3e287_0.trap.tar.zst) for CWE242.link (474 of 768)
[2026-03-02 10:30:49] Importing has_unique_object_representation.h.c12c0320.trap (main_linux.cpp.ede3e287_0.trap.tar.zst) for CWE242.link (475 of 768)
[2026-03-02 10:30:49] Importing is_aggregate.h.b64ef48e.trap (main_linux.cpp.ede3e287_0.trap.tar.zst) for CWE242.link (476 of 768)
[2026-03-02 10:30:49] Importing is_swappable.h.7e0a61f9.trap (main_linux.cpp.ede3e287_0.trap.tar.zst) for CWE242.link (477 of 768)
[2026-03-02 10:30:49] Importing negation.h.01abc51e.trap (main_linux.cpp.ede3e287_0.trap.tar.zst) for CWE242.link (478 of 768)
[2026-03-02 10:30:49] Importing type_traits.1e7b0f37.trap (main_linux.cpp.ede3e287_0.trap.tar.zst) for CWE242.link (479 of 768)
[2026-03-02 10:30:49] Importing new.f0bb9d35.trap (main_linux.cpp.ede3e287_0.trap.tar.zst) for CWE242.link (480 of 768)
[2026-03-02 10:30:49] Importing std_testcase.h.092002d9.trap (main_linux.cpp.ede3e287_0.trap.tar.zst) for CWE242.link (481 of 768)
[2026-03-02 10:30:49] Importing std_testcase_io.h.458bb84c.trap (main_linux.cpp.ede3e287_0.trap.tar.zst) for CWE242.link (482 of 768)
[2026-03-02 10:30:49] Importing std_testcase.h.a8ca2a90.trap (main_linux.cpp.ede3e287_0.trap.tar.zst) for CWE242.link (483 of 768)
[2026-03-02 10:30:49] Importing testcases.h.dc60ddcb.trap (main_linux.cpp.ede3e287_0.trap.tar.zst) for CWE242.link (484 of 768)
[2026-03-02 10:30:49] Importing main_linux.cpp.ede3e287.trap (main_linux.cpp.ede3e287_0.trap.tar.zst) for CWE242.link (485 of 768)
[2026-03-02 10:30:49] Importing c064f8b334b0cffde39d1235.trap (main_linux.cpp.ede3e287_0.trap.tar.zst) for CWE242.link (486 of 768)
[2026-03-02 10:30:49] Importing 6abb706dfbfd7c819505d0d3.trap (main_linux.cpp.ede3e287_0.trap.tar.zst) for CWE242.link (487 of 768)
[2026-03-02 10:30:49] Importing 33520fae096ad5d017bbee3c.trap (main_linux.cpp.ede3e287_0.trap.tar.zst) for CWE242.link (488 of 768)
[2026-03-02 10:30:49] Importing 475561c5aa77b770d1cdca66.trap (main_linux.cpp.ede3e287_0.trap.tar.zst) for CWE242.link (489 of 768)
[2026-03-02 10:30:49] Importing f0d5460b92d1d58c4dae8583.trap (main_linux.cpp.ede3e287_0.trap.tar.zst) for CWE242.link (490 of 768)
[2026-03-02 10:30:49] Importing 686596f7fac091713689ebb3.trap (main_linux.cpp.ede3e287_0.trap.tar.zst) for CWE242.link (491 of 768)
[2026-03-02 10:30:49] Importing 57ddebf06a780317a020144f.trap (main_linux.cpp.ede3e287_0.trap.tar.zst) for CWE242.link (492 of 768)
[2026-03-02 10:30:49] Importing c2fe4cde6b9733c2ebb218a1.trap (main_linux.cpp.ede3e287_0.trap.tar.zst) for CWE242.link (493 of 768)
[2026-03-02 10:30:49] Importing 825ee34d93d0f721edb457f8.trap (main_linux.cpp.ede3e287_0.trap.tar.zst) for CWE242.link (494 of 768)
[2026-03-02 10:30:49] Importing d9bde826eac9f3a46bdf4efd.trap (main_linux.cpp.ede3e287_0.trap.tar.zst) for CWE242.link (495 of 768)
[2026-03-02 10:30:49] Importing 4e20a364135c5ffc707ffd5e.trap (main_linux.cpp.ede3e287_0.trap.tar.zst) for CWE242.link (496 of 768)
[2026-03-02 10:30:49] Importing 06a67a17593df9f3124b2167.trap (main_linux.cpp.ede3e287_0.trap.tar.zst) for CWE242.link (497 of 768)
[2026-03-02 10:30:49] Importing d7a334b63392258ff8bd30af.trap (main_linux.cpp.ede3e287_0.trap.tar.zst) for CWE242.link (498 of 768)
[2026-03-02 10:30:49] Importing 8edaa030622d354cc4f5849d.trap (main_linux.cpp.ede3e287_0.trap.tar.zst) for CWE242.link (499 of 768)
[2026-03-02 10:30:49] Importing 67ceb97c6226ab101ed52ea9.trap (main_linux.cpp.ede3e287_0.trap.tar.zst) for CWE242.link (500 of 768)
[2026-03-02 10:30:49] Importing fdfb36b1d7ae6df2b8a641c0.trap (main_linux.cpp.ede3e287_0.trap.tar.zst) for CWE242.link (501 of 768)
[2026-03-02 10:30:49] Importing 099a5b1103b16f8ad7e84656.trap (main_linux.cpp.ede3e287_0.trap.tar.zst) for CWE242.link (502 of 768)
[2026-03-02 10:30:49] Importing 94854fbc70e760e2d6cc8eb8.trap (main_linux.cpp.ede3e287_0.trap.tar.zst) for CWE242.link (503 of 768)
[2026-03-02 10:30:49] Importing 0aa46f2c458a49881b26f5fe.trap (main_linux.cpp.ede3e287_0.trap.tar.zst) for CWE242.link (504 of 768)
[2026-03-02 10:30:49] Importing 446298d49897ba57520a51ec.trap (main_linux.cpp.ede3e287_0.trap.tar.zst) for CWE242.link (505 of 768)
[2026-03-02 10:30:49] Importing 45d2215fea59244015fef3b2.trap (main_linux.cpp.ede3e287_0.trap.tar.zst) for CWE242.link (506 of 768)
[2026-03-02 10:30:49] Importing 8ac20cf3e81cb0cdf3dccfae.trap (main_linux.cpp.ede3e287_0.trap.tar.zst) for CWE242.link (507 of 768)
[2026-03-02 10:30:49] Importing bf5b58d3ae6c713c78abadf5.trap (main_linux.cpp.ede3e287_0.trap.tar.zst) for CWE242.link (508 of 768)
[2026-03-02 10:30:49] Importing 0491481e616d59956db358b5.trap (main_linux.cpp.ede3e287_0.trap.tar.zst) for CWE242.link (509 of 768)
[2026-03-02 10:30:49] Importing cd2653762cd289d9cf85ec5e.trap (main_linux.cpp.ede3e287_0.trap.tar.zst) for CWE242.link (510 of 768)
[2026-03-02 10:30:49] Importing ca98832c81c818e31db0db66.trap (main_linux.cpp.ede3e287_0.trap.tar.zst) for CWE242.link (511 of 768)
[2026-03-02 10:30:49] Importing 96a67accf0685e9ec9bffc78.trap (main_linux.cpp.ede3e287_0.trap.tar.zst) for CWE242.link (512 of 768)
[2026-03-02 10:30:49] Importing 8c02c8e69278fa4ff795b34b.trap (main_linux.cpp.ede3e287_0.trap.tar.zst) for CWE242.link (513 of 768)
[2026-03-02 10:30:49] Importing 55338263b214f4fc61393ce1.trap (main_linux.cpp.ede3e287_0.trap.tar.zst) for CWE242.link (514 of 768)
[2026-03-02 10:30:49] Importing 195733ebd5496efaf662c1e0.trap (main_linux.cpp.ede3e287_0.trap.tar.zst) for CWE242.link (515 of 768)
[2026-03-02 10:30:49] Importing fc73d0cd5db16bc45ab2156c.trap (main_linux.cpp.ede3e287_0.trap.tar.zst) for CWE242.link (516 of 768)
[2026-03-02 10:30:49] Importing 08d9562c1f55a0fe34cc5c55.trap (main_linux.cpp.ede3e287_0.trap.tar.zst) for CWE242.link (517 of 768)
[2026-03-02 10:30:49] Importing 21bcce461ca8ebd3b577be42.trap (main_linux.cpp.ede3e287_0.trap.tar.zst) for CWE242.link (518 of 768)
[2026-03-02 10:30:49] Importing ae88970f98f195400c06330d.trap (main_linux.cpp.ede3e287_0.trap.tar.zst) for CWE242.link (519 of 768)
[2026-03-02 10:30:49] Importing 6b4379ce9911a3e56ea44bca.trap (main_linux.cpp.ede3e287_0.trap.tar.zst) for CWE242.link (520 of 768)
[2026-03-02 10:30:49] Importing d5d711f6d4aa889dbcabc9cd.trap (main_linux.cpp.ede3e287_0.trap.tar.zst) for CWE242.link (521 of 768)
[2026-03-02 10:30:49] Importing 03af5b5119edb6183c9515cc.trap (main_linux.cpp.ede3e287_0.trap.tar.zst) for CWE242.link (522 of 768)
[2026-03-02 10:30:49] Importing cb04a7e3fccd652c66ee6595.trap (main_linux.cpp.ede3e287_0.trap.tar.zst) for CWE242.link (523 of 768)
[2026-03-02 10:30:49] Importing bc884657fb878b8e047d0e01.trap (main_linux.cpp.ede3e287_0.trap.tar.zst) for CWE242.link (524 of 768)
[2026-03-02 10:30:49] Importing 628c2f404636e3bb99034199.trap (main_linux.cpp.ede3e287_0.trap.tar.zst) for CWE242.link (525 of 768)
[2026-03-02 10:30:49] Importing 4daab2aa2271080deba33e46.trap (main_linux.cpp.ede3e287_0.trap.tar.zst) for CWE242.link (526 of 768)
[2026-03-02 10:30:49] Importing a2a9a115edc067e26887263b.trap (main_linux.cpp.ede3e287_0.trap.tar.zst) for CWE242.link (527 of 768)
[2026-03-02 10:30:49] Importing 8ce93ef1e0c04c3b69190984.trap (main_linux.cpp.ede3e287_0.trap.tar.zst) for CWE242.link (528 of 768)
[2026-03-02 10:30:49] Importing 724bf51f3cab7845109cfb57.trap (main_linux.cpp.ede3e287_0.trap.tar.zst) for CWE242.link (529 of 768)
[2026-03-02 10:30:49] Importing bd20015b783201f2e604bd1b.trap (main_linux.cpp.ede3e287_0.trap.tar.zst) for CWE242.link (530 of 768)
[2026-03-02 10:30:49] Importing c9ed07e2afa851e5eec0e6cc.trap (main_linux.cpp.ede3e287_0.trap.tar.zst) for CWE242.link (531 of 768)
[2026-03-02 10:30:49] Importing b82b469ddeb873eb112b5469.trap (main_linux.cpp.ede3e287_0.trap.tar.zst) for CWE242.link (532 of 768)
[2026-03-02 10:30:49] Importing 00fdc3dc00b492681404b7e2.trap (main_linux.cpp.ede3e287_0.trap.tar.zst) for CWE242.link (533 of 768)
[2026-03-02 10:30:49] Importing 6adbb0ecba5a1de8074a31c5.trap (main_linux.cpp.ede3e287_0.trap.tar.zst) for CWE242.link (534 of 768)
[2026-03-02 10:30:49] Importing 17041da5957470c1517d365f.trap (main_linux.cpp.ede3e287_0.trap.tar.zst) for CWE242.link (535 of 768)
[2026-03-02 10:30:49] Importing f6c9be4b8b59cefd17e765b0.trap (main_linux.cpp.ede3e287_0.trap.tar.zst) for CWE242.link (536 of 768)
[2026-03-02 10:30:49] Importing 601aeba41d20babe24b21403.trap (main_linux.cpp.ede3e287_0.trap.tar.zst) for CWE242.link (537 of 768)
[2026-03-02 10:30:49] Importing 337851f06fb11f363ac5a297.trap (main_linux.cpp.ede3e287_0.trap.tar.zst) for CWE242.link (538 of 768)
[2026-03-02 10:30:49] Importing 9e8fa0fa1f254fce3a2573ee.trap (main_linux.cpp.ede3e287_0.trap.tar.zst) for CWE242.link (539 of 768)
[2026-03-02 10:30:49] Importing 8194d785fb4ac6e6afef4a9c.trap (main_linux.cpp.ede3e287_0.trap.tar.zst) for CWE242.link (540 of 768)
[2026-03-02 10:30:49] Importing 9c14bfa81baac1cb343e49ed.trap (main_linux.cpp.ede3e287_0.trap.tar.zst) for CWE242.link (541 of 768)
[2026-03-02 10:30:49] Importing 2f155feb30df4d5684b79379.trap (main_linux.cpp.ede3e287_0.trap.tar.zst) for CWE242.link (542 of 768)
[2026-03-02 10:30:49] Importing 5947fcfea1d8c669060a31e9.trap (main_linux.cpp.ede3e287_0.trap.tar.zst) for CWE242.link (543 of 768)
[2026-03-02 10:30:49] Importing 6c25e6ba5b910ce6d853dbbe.trap (main_linux.cpp.ede3e287_0.trap.tar.zst) for CWE242.link (544 of 768)
[2026-03-02 10:30:49] Importing b375cdc21ec780ea6e0ba39d.trap (main_linux.cpp.ede3e287_0.trap.tar.zst) for CWE242.link (545 of 768)
[2026-03-02 10:30:49] Importing bffcadd7f90f5fa1486deac8.trap (main_linux.cpp.ede3e287_0.trap.tar.zst) for CWE242.link (546 of 768)
[2026-03-02 10:30:49] Importing 49b5699b0f73b313fa5ac9d6.trap (main_linux.cpp.ede3e287_0.trap.tar.zst) for CWE242.link (547 of 768)
[2026-03-02 10:30:49] Importing 1705415d991d28f70352156d.trap (main_linux.cpp.ede3e287_0.trap.tar.zst) for CWE242.link (548 of 768)
[2026-03-02 10:30:49] Importing d30cb1a56f2d0b4cfc6c5a0b.trap (main_linux.cpp.ede3e287_0.trap.tar.zst) for CWE242.link (549 of 768)
[2026-03-02 10:30:49] Importing 00dbe188a3b208cd11aa2b16.trap (main_linux.cpp.ede3e287_0.trap.tar.zst) for CWE242.link (550 of 768)
[2026-03-02 10:30:49] Importing c8479d1a41d94b0c17450fad.trap (main_linux.cpp.ede3e287_0.trap.tar.zst) for CWE242.link (551 of 768)
[2026-03-02 10:30:49] Importing 412a2501417ca5c31f743927.trap (main_linux.cpp.ede3e287_0.trap.tar.zst) for CWE242.link (552 of 768)
[2026-03-02 10:30:49] Importing 211cf6025d25b2b2c76a3117.trap (main_linux.cpp.ede3e287_0.trap.tar.zst) for CWE242.link (553 of 768)
[2026-03-02 10:30:49] Importing 3310d346811b64fdab77de87.trap (main_linux.cpp.ede3e287_0.trap.tar.zst) for CWE242.link (554 of 768)
[2026-03-02 10:30:49] Importing c28c2f987292b4bab97df5aa.trap (main_linux.cpp.ede3e287_0.trap.tar.zst) for CWE242.link (555 of 768)
[2026-03-02 10:30:49] Importing c09bcb1773c5f2f3ea3b5586.trap (main_linux.cpp.ede3e287_0.trap.tar.zst) for CWE242.link (556 of 768)
[2026-03-02 10:30:49] Importing dfea5cbe25b58ba85c614e62.trap (main_linux.cpp.ede3e287_0.trap.tar.zst) for CWE242.link (557 of 768)
[2026-03-02 10:30:49] Importing ad150d8e27a9275212be4763.trap (main_linux.cpp.ede3e287_0.trap.tar.zst) for CWE242.link (558 of 768)
[2026-03-02 10:30:49] Importing 196c83c1d35ddd9436e0657c.trap (main_linux.cpp.ede3e287_0.trap.tar.zst) for CWE242.link (559 of 768)
[2026-03-02 10:30:49] Importing 329c452f01dd768af3d4072a.trap (main_linux.cpp.ede3e287_0.trap.tar.zst) for CWE242.link (560 of 768)
[2026-03-02 10:30:49] Importing af330dac08d3837616d350a1.trap (main_linux.cpp.ede3e287_0.trap.tar.zst) for CWE242.link (561 of 768)
[2026-03-02 10:30:49] Importing 9d32c18f8d79c1d13f24fa5b.trap (main_linux.cpp.ede3e287_0.trap.tar.zst) for CWE242.link (562 of 768)
[2026-03-02 10:30:49] Importing b0ddbafc0f61013d13cadb8e.trap (main_linux.cpp.ede3e287_0.trap.tar.zst) for CWE242.link (563 of 768)
[2026-03-02 10:30:49] Importing 3e78f92bf154dada7e1c9d6d.trap (main_linux.cpp.ede3e287_0.trap.tar.zst) for CWE242.link (564 of 768)
[2026-03-02 10:30:49] Importing 5ed62ba5a4ca40ed0982e8e1.trap (main_linux.cpp.ede3e287_0.trap.tar.zst) for CWE242.link (565 of 768)
[2026-03-02 10:30:49] Importing 99150853595b1a8dba159c98.trap (main_linux.cpp.ede3e287_0.trap.tar.zst) for CWE242.link (566 of 768)
[2026-03-02 10:30:49] Importing 41838416d66d6fa3c393c97c.trap (main_linux.cpp.ede3e287_0.trap.tar.zst) for CWE242.link (567 of 768)
[2026-03-02 10:30:49] Importing 661b329a1711f5b04300049a.trap (main_linux.cpp.ede3e287_0.trap.tar.zst) for CWE242.link (568 of 768)
[2026-03-02 10:30:49] Importing 198f9bd8c41327064c7b0180.trap (main_linux.cpp.ede3e287_0.trap.tar.zst) for CWE242.link (569 of 768)
[2026-03-02 10:30:49] Importing accec548548ff3a2f9e927dc.trap (main_linux.cpp.ede3e287_0.trap.tar.zst) for CWE242.link (570 of 768)
[2026-03-02 10:30:49] Importing 7ddb4f2506b43c2b7c81fbea.trap (main_linux.cpp.ede3e287_0.trap.tar.zst) for CWE242.link (571 of 768)
[2026-03-02 10:30:49] Importing ec1e98296a031e9fa3c30e56.trap (main_linux.cpp.ede3e287_0.trap.tar.zst) for CWE242.link (572 of 768)
[2026-03-02 10:30:49] Importing 6551c59830ef87db973a5517.trap (main_linux.cpp.ede3e287_0.trap.tar.zst) for CWE242.link (573 of 768)
[2026-03-02 10:30:49] Importing 4810444b322ca7650e8dfabf.trap (main_linux.cpp.ede3e287_0.trap.tar.zst) for CWE242.link (574 of 768)
[2026-03-02 10:30:49] Importing f7ade7e25dbda8c85222ad93.trap (main_linux.cpp.ede3e287_0.trap.tar.zst) for CWE242.link (575 of 768)
[2026-03-02 10:30:49] Importing ebf30889033eeca5a3c45d69.trap (main_linux.cpp.ede3e287_0.trap.tar.zst) for CWE242.link (576 of 768)
[2026-03-02 10:30:49] Importing b0f87d1701a825ccad23a02d.trap (main_linux.cpp.ede3e287_0.trap.tar.zst) for CWE242.link (577 of 768)
[2026-03-02 10:30:49] Importing 4e54f9c87121418d6ab6259e.trap (main_linux.cpp.ede3e287_0.trap.tar.zst) for CWE242.link (578 of 768)
[2026-03-02 10:30:49] Importing 13750a048381984895b6cc96.trap (main_linux.cpp.ede3e287_0.trap.tar.zst) for CWE242.link (579 of 768)
[2026-03-02 10:30:49] Importing f05969431cb36b579617ee8f.trap (main_linux.cpp.ede3e287_0.trap.tar.zst) for CWE242.link (580 of 768)
[2026-03-02 10:30:49] Importing 8a39e5e38c272f94c28759d4.trap (main_linux.cpp.ede3e287_0.trap.tar.zst) for CWE242.link (581 of 768)
[2026-03-02 10:30:49] Importing 4a15600f366d407ceb1756a8.trap (main_linux.cpp.ede3e287_0.trap.tar.zst) for CWE242.link (582 of 768)
[2026-03-02 10:30:49] Importing d366e13ca02bc9bb8de4b836.trap (main_linux.cpp.ede3e287_0.trap.tar.zst) for CWE242.link (583 of 768)
[2026-03-02 10:30:49] Importing a6c738064cacb57491692b90.trap (main_linux.cpp.ede3e287_0.trap.tar.zst) for CWE242.link (584 of 768)
[2026-03-02 10:30:49] Importing 037d7b36fe59825bf3e9c87d.trap (main_linux.cpp.ede3e287_0.trap.tar.zst) for CWE242.link (585 of 768)
[2026-03-02 10:30:49] Importing daac980d61bf275c1d0ae43c.trap (main_linux.cpp.ede3e287_0.trap.tar.zst) for CWE242.link (586 of 768)
[2026-03-02 10:30:49] Importing e582d6e86c887d04f612becd.trap (main_linux.cpp.ede3e287_0.trap.tar.zst) for CWE242.link (587 of 768)
[2026-03-02 10:30:49] Importing 3a7819bcdb077a63d9961636.trap (main_linux.cpp.ede3e287_0.trap.tar.zst) for CWE242.link (588 of 768)
[2026-03-02 10:30:49] Importing 0723e77877c03e9227cfbdad.trap (main_linux.cpp.ede3e287_0.trap.tar.zst) for CWE242.link (589 of 768)
[2026-03-02 10:30:49] Importing 0ed56501b0368d2219c83bc5.trap (main_linux.cpp.ede3e287_0.trap.tar.zst) for CWE242.link (590 of 768)
[2026-03-02 10:30:49] Importing 38c4745642618c1baf6ff6d9.trap (main_linux.cpp.ede3e287_0.trap.tar.zst) for CWE242.link (591 of 768)
[2026-03-02 10:30:49] Importing fe85b39e362c6579cd5e7e35.trap (main_linux.cpp.ede3e287_0.trap.tar.zst) for CWE242.link (592 of 768)
[2026-03-02 10:30:49] Importing 4dc2c081d67ade784149ce1c.trap (main_linux.cpp.ede3e287_0.trap.tar.zst) for CWE242.link (593 of 768)
[2026-03-02 10:30:49] Importing 3bc0ab00b78b25e2d29a8c79.trap (main_linux.cpp.ede3e287_0.trap.tar.zst) for CWE242.link (594 of 768)
[2026-03-02 10:30:49] Importing c42f0b63fff9b549f23e11b1.trap (main_linux.cpp.ede3e287_0.trap.tar.zst) for CWE242.link (595 of 768)
[2026-03-02 10:30:49] Importing 03d6c7c6d577ff62d97370c0.trap (main_linux.cpp.ede3e287_0.trap.tar.zst) for CWE242.link (596 of 768)
[2026-03-02 10:30:49] Importing 3dafff49c0b52943150700bd.trap (main_linux.cpp.ede3e287_0.trap.tar.zst) for CWE242.link (597 of 768)
[2026-03-02 10:30:49] Importing 8ce96903be1a3c5349d13ec5.trap (main_linux.cpp.ede3e287_0.trap.tar.zst) for CWE242.link (598 of 768)
[2026-03-02 10:30:49] Importing 7aa47ded7f3010f10aba7663.trap (main_linux.cpp.ede3e287_0.trap.tar.zst) for CWE242.link (599 of 768)
[2026-03-02 10:30:49] Importing 8a0c4b3a3e82f350791d5dc2.trap (main_linux.cpp.ede3e287_0.trap.tar.zst) for CWE242.link (600 of 768)
[2026-03-02 10:30:49] Importing 48017d8e06b2775d9e7c24ab.trap (main_linux.cpp.ede3e287_0.trap.tar.zst) for CWE242.link (601 of 768)
[2026-03-02 10:30:49] Importing 9554876e2a8d597a0b3baa0c.trap (main_linux.cpp.ede3e287_0.trap.tar.zst) for CWE242.link (602 of 768)
[2026-03-02 10:30:49] Importing e5a9b4bdf27a6d694e8ce630.trap (main_linux.cpp.ede3e287_0.trap.tar.zst) for CWE242.link (603 of 768)
[2026-03-02 10:30:49] Importing 4399dcc48e452aecd6414b39.trap (main_linux.cpp.ede3e287_0.trap.tar.zst) for CWE242.link (604 of 768)
[2026-03-02 10:30:49] Importing 388b7a59ace05b2ba7245abd.trap (main_linux.cpp.ede3e287_0.trap.tar.zst) for CWE242.link (605 of 768)
[2026-03-02 10:30:49] Importing b6e10bb1e3f6ffbe4377c18c.trap (main_linux.cpp.ede3e287_0.trap.tar.zst) for CWE242.link (606 of 768)
[2026-03-02 10:30:49] Importing a8e5bcebf70dc42d13403bab.trap (main_linux.cpp.ede3e287_0.trap.tar.zst) for CWE242.link (607 of 768)
[2026-03-02 10:30:49] Importing 866ab33cebc57a49864e6a37.trap (main_linux.cpp.ede3e287_0.trap.tar.zst) for CWE242.link (608 of 768)
[2026-03-02 10:30:49] Importing b022e1fd1a3d1517fc89b5d3.trap (main_linux.cpp.ede3e287_0.trap.tar.zst) for CWE242.link (609 of 768)
[2026-03-02 10:30:49] Importing 2c85bb4bd732807924c95df1.trap (main_linux.cpp.ede3e287_0.trap.tar.zst) for CWE242.link (610 of 768)
[2026-03-02 10:30:49] Importing 48a37d57acf57ddbb812b764.trap (main_linux.cpp.ede3e287_0.trap.tar.zst) for CWE242.link (611 of 768)
[2026-03-02 10:30:49] Importing 3dc297f2765e1441a75a30e9.trap (main_linux.cpp.ede3e287_0.trap.tar.zst) for CWE242.link (612 of 768)
[2026-03-02 10:30:49] Importing add4a4ed1bc5324fa932ce6b.trap (main_linux.cpp.ede3e287_0.trap.tar.zst) for CWE242.link (613 of 768)
[2026-03-02 10:30:49] Importing 0e7b88346b588c9d58802435.trap (main_linux.cpp.ede3e287_0.trap.tar.zst) for CWE242.link (614 of 768)
[2026-03-02 10:30:49] Importing 1b36e37f301556f412eb17e9.trap (main_linux.cpp.ede3e287_0.trap.tar.zst) for CWE242.link (615 of 768)
[2026-03-02 10:30:49] Importing 4a8f8d586c182d6904120940.trap (main_linux.cpp.ede3e287_0.trap.tar.zst) for CWE242.link (616 of 768)
[2026-03-02 10:30:49] Importing 81f8b60a5ec803b516270e37.trap (main_linux.cpp.ede3e287_0.trap.tar.zst) for CWE242.link (617 of 768)
[2026-03-02 10:30:49] Importing d06652ca7e6694d35ed99bd9.trap (main_linux.cpp.ede3e287_0.trap.tar.zst) for CWE242.link (618 of 768)
[2026-03-02 10:30:49] Importing 748602a6cfd9f09a9c98d20a.trap (main_linux.cpp.ede3e287_0.trap.tar.zst) for CWE242.link (619 of 768)
[2026-03-02 10:30:49] Importing c5aa353d1f6116ac62c083d2.trap (main_linux.cpp.ede3e287_0.trap.tar.zst) for CWE242.link (620 of 768)
[2026-03-02 10:30:49] Importing 9349fdf2a5cb36ded2395ea9.trap (main_linux.cpp.ede3e287_0.trap.tar.zst) for CWE242.link (621 of 768)
[2026-03-02 10:30:49] Importing 752d3347c09f6cdab137b403.trap (main_linux.cpp.ede3e287_0.trap.tar.zst) for CWE242.link (622 of 768)
[2026-03-02 10:30:49] Importing 30d082079cdbb5ab9f05f81d.trap (main_linux.cpp.ede3e287_0.trap.tar.zst) for CWE242.link (623 of 768)
[2026-03-02 10:30:49] Importing 3aa674e7dee266fe020e010d.trap (main_linux.cpp.ede3e287_0.trap.tar.zst) for CWE242.link (624 of 768)
[2026-03-02 10:30:49] Importing ef8c7f75bdf49e627921045d.trap (main_linux.cpp.ede3e287_0.trap.tar.zst) for CWE242.link (625 of 768)
[2026-03-02 10:30:49] Importing 3e66f1226f159ffacaac91a9.trap (main_linux.cpp.ede3e287_0.trap.tar.zst) for CWE242.link (626 of 768)
[2026-03-02 10:30:49] Importing 3593398af55f6594b511fca5.trap (main_linux.cpp.ede3e287_0.trap.tar.zst) for CWE242.link (627 of 768)
[2026-03-02 10:30:49] Importing 747249aca062c5f200c38230.trap (main_linux.cpp.ede3e287_0.trap.tar.zst) for CWE242.link (628 of 768)
[2026-03-02 10:30:49] Importing e1ec3da01020d581564b8754.trap (main_linux.cpp.ede3e287_0.trap.tar.zst) for CWE242.link (629 of 768)
[2026-03-02 10:30:49] Importing df8d68188c0c64ba6755c3c3.trap (main_linux.cpp.ede3e287_0.trap.tar.zst) for CWE242.link (630 of 768)
[2026-03-02 10:30:49] Importing d77175d96fde930b353c1ab7.trap (main_linux.cpp.ede3e287_0.trap.tar.zst) for CWE242.link (631 of 768)
[2026-03-02 10:30:49] Importing 3e78e2cd05a4fdef82745822.trap (main_linux.cpp.ede3e287_0.trap.tar.zst) for CWE242.link (632 of 768)
[2026-03-02 10:30:49] Importing 95ec20d60de6de6cf280d3db.trap (main_linux.cpp.ede3e287_0.trap.tar.zst) for CWE242.link (633 of 768)
[2026-03-02 10:30:49] Importing 181b1989db1d3188d1961d79.trap (main_linux.cpp.ede3e287_0.trap.tar.zst) for CWE242.link (634 of 768)
[2026-03-02 10:30:49] Importing b173e5c8df4e2187cd51b226.trap (main_linux.cpp.ede3e287_0.trap.tar.zst) for CWE242.link (635 of 768)
[2026-03-02 10:30:49] Importing b643707376c716daa5d5f343.trap (main_linux.cpp.ede3e287_0.trap.tar.zst) for CWE242.link (636 of 768)
[2026-03-02 10:30:49] Importing a4dfb3ef35011a3c15aad7f2.trap (main_linux.cpp.ede3e287_0.trap.tar.zst) for CWE242.link (637 of 768)
[2026-03-02 10:30:49] Importing e32939b7b1397bc002e238d9.trap (main_linux.cpp.ede3e287_0.trap.tar.zst) for CWE242.link (638 of 768)
[2026-03-02 10:30:49] Importing 6b105593b3bc662c786cd228.trap (main_linux.cpp.ede3e287_0.trap.tar.zst) for CWE242.link (639 of 768)
[2026-03-02 10:30:49] Importing 3ae6d8eccf32db30562c1c6b.trap (main_linux.cpp.ede3e287_0.trap.tar.zst) for CWE242.link (640 of 768)
[2026-03-02 10:30:49] Importing b3b6064292b3ba4836366f76.trap (main_linux.cpp.ede3e287_0.trap.tar.zst) for CWE242.link (641 of 768)
[2026-03-02 10:30:49] Importing 6b9e31ce60d72e9a84ab8ec6.trap (main_linux.cpp.ede3e287_0.trap.tar.zst) for CWE242.link (642 of 768)
[2026-03-02 10:30:49] Importing 77cacd57e471b42c24fd68eb.trap (main_linux.cpp.ede3e287_0.trap.tar.zst) for CWE242.link (643 of 768)
[2026-03-02 10:30:49] Importing e1f28d77dd80ad2bf0482271.trap (main_linux.cpp.ede3e287_0.trap.tar.zst) for CWE242.link (644 of 768)
[2026-03-02 10:30:49] Importing 7ff1a0cdb5a45da913db40a8.trap (main_linux.cpp.ede3e287_0.trap.tar.zst) for CWE242.link (645 of 768)
[2026-03-02 10:30:49] Importing 6c2e6210fa6e6052c51fb946.trap (main_linux.cpp.ede3e287_0.trap.tar.zst) for CWE242.link (646 of 768)
[2026-03-02 10:30:49] Importing 9b9979ddecd98acd11e825a1.trap (main_linux.cpp.ede3e287_0.trap.tar.zst) for CWE242.link (647 of 768)
[2026-03-02 10:30:49] Importing 7a0e24972bdef7fc7213bb6b.trap (main_linux.cpp.ede3e287_0.trap.tar.zst) for CWE242.link (648 of 768)
[2026-03-02 10:30:49] Importing d023458bfd0a9b2f7b2d7860.trap (main_linux.cpp.ede3e287_0.trap.tar.zst) for CWE242.link (649 of 768)
[2026-03-02 10:30:49] Importing b0dba74dfe91a19d49893f4d.trap (main_linux.cpp.ede3e287_0.trap.tar.zst) for CWE242.link (650 of 768)
[2026-03-02 10:30:49] Importing cb254b7d332df1c1b06cbb94.trap (main_linux.cpp.ede3e287_0.trap.tar.zst) for CWE242.link (651 of 768)
[2026-03-02 10:30:49] Importing 3f8920ee56861b87ad1fe469.trap (main_linux.cpp.ede3e287_0.trap.tar.zst) for CWE242.link (652 of 768)
[2026-03-02 10:30:49] Importing 3528448d7b3034063b1458db.trap (main_linux.cpp.ede3e287_0.trap.tar.zst) for CWE242.link (653 of 768)
[2026-03-02 10:30:49] Importing 982f9fce471735cb9babdc32.trap (main_linux.cpp.ede3e287_0.trap.tar.zst) for CWE242.link (654 of 768)
[2026-03-02 10:30:49] Importing f85732e4db3ee3ff5a3f93ce.trap (main_linux.cpp.ede3e287_0.trap.tar.zst) for CWE242.link (655 of 768)
[2026-03-02 10:30:49] Importing 9e51ab5d924c84382951ce74.trap (main_linux.cpp.ede3e287_0.trap.tar.zst) for CWE242.link (656 of 768)
[2026-03-02 10:30:49] Importing 553c3edf31cee5ea7dc7944c.trap (main_linux.cpp.ede3e287_0.trap.tar.zst) for CWE242.link (657 of 768)
[2026-03-02 10:30:49] Importing 863d11858a5fe14b230fc53f.trap (main_linux.cpp.ede3e287_0.trap.tar.zst) for CWE242.link (658 of 768)
[2026-03-02 10:30:49] Importing 775e8124a58d1fc969bc57c1.trap (main_linux.cpp.ede3e287_0.trap.tar.zst) for CWE242.link (659 of 768)
[2026-03-02 10:30:49] Importing 483c0e4241ae26bff28a5a69.trap (main_linux.cpp.ede3e287_0.trap.tar.zst) for CWE242.link (660 of 768)
[2026-03-02 10:30:49] Importing 318ad88a424d4947fc148c4a.trap (main_linux.cpp.ede3e287_0.trap.tar.zst) for CWE242.link (661 of 768)
[2026-03-02 10:30:49] Importing b62bb79bd8615ff566f9950c.trap (main_linux.cpp.ede3e287_0.trap.tar.zst) for CWE242.link (662 of 768)
[2026-03-02 10:30:49] Importing 3a8281c94c422b987ab0b38a.trap (main_linux.cpp.ede3e287_0.trap.tar.zst) for CWE242.link (663 of 768)
[2026-03-02 10:30:49] Importing 4894e08379a7edcde3f165ba.trap (main_linux.cpp.ede3e287_0.trap.tar.zst) for CWE242.link (664 of 768)
[2026-03-02 10:30:49] Importing 7ddbdcfa23a6dc646d52e4d8.trap (main_linux.cpp.ede3e287_0.trap.tar.zst) for CWE242.link (665 of 768)
[2026-03-02 10:30:49] Importing af831228cbb6d15f1cc1fa8a.trap (main_linux.cpp.ede3e287_0.trap.tar.zst) for CWE242.link (666 of 768)
[2026-03-02 10:30:49] Importing e9b377d2ea4ad5aecca5a60c.trap (main_linux.cpp.ede3e287_0.trap.tar.zst) for CWE242.link (667 of 768)
[2026-03-02 10:30:49] Importing 53a587395dd3259bba17ab64.trap (main_linux.cpp.ede3e287_0.trap.tar.zst) for CWE242.link (668 of 768)
[2026-03-02 10:30:49] Importing bdb6020c6c129a228d5db0f7.trap (main_linux.cpp.ede3e287_0.trap.tar.zst) for CWE242.link (669 of 768)
[2026-03-02 10:30:49] Importing a61f31f6e4a29dacaeb928a0.trap (main_linux.cpp.ede3e287_0.trap.tar.zst) for CWE242.link (670 of 768)
[2026-03-02 10:30:49] Importing f6f0ef36ebb2c6ca251e65f3.trap (main_linux.cpp.ede3e287_0.trap.tar.zst) for CWE242.link (671 of 768)
[2026-03-02 10:30:49] Importing 7470bdd23ca7e22dda334ceb.trap (main_linux.cpp.ede3e287_0.trap.tar.zst) for CWE242.link (672 of 768)
[2026-03-02 10:30:49] Importing b003cc483e13f43645322c11.trap (main_linux.cpp.ede3e287_0.trap.tar.zst) for CWE242.link (673 of 768)
[2026-03-02 10:30:49] Importing 940f49da54d430d1d3ee49cb.trap (main_linux.cpp.ede3e287_0.trap.tar.zst) for CWE242.link (674 of 768)
[2026-03-02 10:30:49] Importing c25905527d2c8473ef385d0a.trap (main_linux.cpp.ede3e287_0.trap.tar.zst) for CWE242.link (675 of 768)
[2026-03-02 10:30:49] Importing ce5577f2a0658f9317406ceb.trap (main_linux.cpp.ede3e287_0.trap.tar.zst) for CWE242.link (676 of 768)
[2026-03-02 10:30:49] Importing 71e9a4f15ecc34f7cd77d0d2.trap (main_linux.cpp.ede3e287_0.trap.tar.zst) for CWE242.link (677 of 768)
[2026-03-02 10:30:49] Importing bf787ea5d5f689b168a4d941.trap (main_linux.cpp.ede3e287_0.trap.tar.zst) for CWE242.link (678 of 768)
[2026-03-02 10:30:49] Importing 2dc55bb75dcfefa7ccf79ae6.trap (main_linux.cpp.ede3e287_0.trap.tar.zst) for CWE242.link (679 of 768)
[2026-03-02 10:30:49] Importing 050824157f59c54fd307d2ef.trap (main_linux.cpp.ede3e287_0.trap.tar.zst) for CWE242.link (680 of 768)
[2026-03-02 10:30:49] Importing 4e68cd360d03cbef501b9fc9.trap (main_linux.cpp.ede3e287_0.trap.tar.zst) for CWE242.link (681 of 768)
[2026-03-02 10:30:49] Importing b137e704657b7049a1960f31.trap (main_linux.cpp.ede3e287_0.trap.tar.zst) for CWE242.link (682 of 768)
[2026-03-02 10:30:49] Importing b80cff7ee67783324791c940.trap (main_linux.cpp.ede3e287_0.trap.tar.zst) for CWE242.link (683 of 768)
[2026-03-02 10:30:49] Importing 16ffac790e18949bbd7cf212.trap (main_linux.cpp.ede3e287_0.trap.tar.zst) for CWE242.link (684 of 768)
[2026-03-02 10:30:49] Importing 2e49f3bce12aeabcec4e2357.trap (main_linux.cpp.ede3e287_0.trap.tar.zst) for CWE242.link (685 of 768)
[2026-03-02 10:30:49] Importing a9f34c675c2141532f96f9c0.trap (main_linux.cpp.ede3e287_0.trap.tar.zst) for CWE242.link (686 of 768)
[2026-03-02 10:30:49] Importing 8a9172b1fcc83ae5d5cb2aa4.trap (main_linux.cpp.ede3e287_0.trap.tar.zst) for CWE242.link (687 of 768)
[2026-03-02 10:30:49] Importing 7371de375dd446c7e2181f0d.trap (main_linux.cpp.ede3e287_0.trap.tar.zst) for CWE242.link (688 of 768)
[2026-03-02 10:30:49] Importing ef651124fd4c0893284b3a32.trap (main_linux.cpp.ede3e287_0.trap.tar.zst) for CWE242.link (689 of 768)
[2026-03-02 10:30:49] Importing d409487e4473190756dcb8c0.trap (main_linux.cpp.ede3e287_0.trap.tar.zst) for CWE242.link (690 of 768)
[2026-03-02 10:30:49] Importing d93d9857a317e99c220bc8b7.trap (main_linux.cpp.ede3e287_0.trap.tar.zst) for CWE242.link (691 of 768)
[2026-03-02 10:30:49] Importing b5de2892ba7deb4aae57b121.trap (main_linux.cpp.ede3e287_0.trap.tar.zst) for CWE242.link (692 of 768)
[2026-03-02 10:30:49] Importing 94c35a098d684fe06272e5b1.trap (main_linux.cpp.ede3e287_0.trap.tar.zst) for CWE242.link (693 of 768)
[2026-03-02 10:30:49] Importing c5a9e396aae8969252b7e8fa.trap (main_linux.cpp.ede3e287_0.trap.tar.zst) for CWE242.link (694 of 768)
[2026-03-02 10:30:49] Importing a7c1101d7f96f1869b69a660.trap (main_linux.cpp.ede3e287_0.trap.tar.zst) for CWE242.link (695 of 768)
[2026-03-02 10:30:49] Importing 1d1bd5aea8fefc65a058451a.trap (main_linux.cpp.ede3e287_0.trap.tar.zst) for CWE242.link (696 of 768)
[2026-03-02 10:30:49] Importing d38609015285658237e512ac.trap (main_linux.cpp.ede3e287_0.trap.tar.zst) for CWE242.link (697 of 768)
[2026-03-02 10:30:49] Importing 19f445eab3a244159dbc3883.trap (main_linux.cpp.ede3e287_0.trap.tar.zst) for CWE242.link (698 of 768)
[2026-03-02 10:30:49] Importing 65de63e7fa0f780de6d56948.trap (main_linux.cpp.ede3e287_0.trap.tar.zst) for CWE242.link (699 of 768)
[2026-03-02 10:30:49] Importing f184dbae8087f689b47f5377.trap (main_linux.cpp.ede3e287_0.trap.tar.zst) for CWE242.link (700 of 768)
[2026-03-02 10:30:49] Importing 13a9f427dfee58bbcc9c1e7c.trap (main_linux.cpp.ede3e287_0.trap.tar.zst) for CWE242.link (701 of 768)
[2026-03-02 10:30:49] Importing 9889e716cad45bb938b0948c.trap (main_linux.cpp.ede3e287_0.trap.tar.zst) for CWE242.link (702 of 768)
[2026-03-02 10:30:49] Importing 726ca88a785551529ceff48e.trap (main_linux.cpp.ede3e287_0.trap.tar.zst) for CWE242.link (703 of 768)
[2026-03-02 10:30:49] Importing 8c2af4a6505e4ebee14c3909.trap (main_linux.cpp.ede3e287_0.trap.tar.zst) for CWE242.link (704 of 768)
[2026-03-02 10:30:49] Importing 0474ce3bac650dbf395b299b.trap (main_linux.cpp.ede3e287_0.trap.tar.zst) for CWE242.link (705 of 768)
[2026-03-02 10:30:49] Importing b5022aedcab26e80997f2248.trap (main_linux.cpp.ede3e287_0.trap.tar.zst) for CWE242.link (706 of 768)
[2026-03-02 10:30:49] Importing 372120c624bb685654b466b3.trap (main_linux.cpp.ede3e287_0.trap.tar.zst) for CWE242.link (707 of 768)
[2026-03-02 10:30:49] Importing 1c69c7d65a096dda73bc6d5a.trap (main_linux.cpp.ede3e287_0.trap.tar.zst) for CWE242.link (708 of 768)
[2026-03-02 10:30:49] Importing 0301d2218f0a6f4f3e4091c9.trap (main_linux.cpp.ede3e287_0.trap.tar.zst) for CWE242.link (709 of 768)
[2026-03-02 10:30:49] Importing 279222ca5c35270d139b6dc1.trap (main_linux.cpp.ede3e287_0.trap.tar.zst) for CWE242.link (710 of 768)
[2026-03-02 10:30:49] Importing b6908d056c84adec3124df51.trap (main_linux.cpp.ede3e287_0.trap.tar.zst) for CWE242.link (711 of 768)
[2026-03-02 10:30:49] Importing 64b65c27d99848938a6b3143.trap (main_linux.cpp.ede3e287_0.trap.tar.zst) for CWE242.link (712 of 768)
[2026-03-02 10:30:49] Importing 09440e3ace92606fe679417b.trap (main_linux.cpp.ede3e287_0.trap.tar.zst) for CWE242.link (713 of 768)
[2026-03-02 10:30:49] Importing 0720e84bf9e6aef0267022e3.trap (main_linux.cpp.ede3e287_0.trap.tar.zst) for CWE242.link (714 of 768)
[2026-03-02 10:30:49] Importing 46784a934740b1f07d947e0d.trap (main_linux.cpp.ede3e287_0.trap.tar.zst) for CWE242.link (715 of 768)
[2026-03-02 10:30:49] Importing 95ecb29c7bba832445c71fef.trap (main_linux.cpp.ede3e287_0.trap.tar.zst) for CWE242.link (716 of 768)
[2026-03-02 10:30:49] Importing _inttypes.h.29aedf51.trap (io.c.3baa2186_0.trap.tar.zst) for CWE242.link (717 of 768)
[2026-03-02 10:30:49] Importing inttypes.h.34d60bf9.trap (io.c.3baa2186_0.trap.tar.zst) for CWE242.link (718 of 768)
[2026-03-02 10:30:49] Importing inttypes.h.deb1cbf0.trap (io.c.3baa2186_0.trap.tar.zst) for CWE242.link (719 of 768)
[2026-03-02 10:30:49] Importing _va_list.h.fd4ca4d0.trap (io.c.3baa2186_0.trap.tar.zst) for CWE242.link (720 of 768)
[2026-03-02 10:30:49] Importing _wctrans_t.h.8b23fe20.trap (io.c.3baa2186_0.trap.tar.zst) for CWE242.link (721 of 768)
[2026-03-02 10:30:49] Importing _wctype_t.h.040e2c2d.trap (io.c.3baa2186_0.trap.tar.zst) for CWE242.link (722 of 768)
[2026-03-02 10:30:49] Importing ___wctype.h.d757c3f3.trap (io.c.3baa2186_0.trap.tar.zst) for CWE242.link (723 of 768)
[2026-03-02 10:30:49] Importing __wctype.h.e309aaf8.trap (io.c.3baa2186_0.trap.tar.zst) for CWE242.link (724 of 768)
[2026-03-02 10:30:49] Importing _wctype.h.93a8c735.trap (io.c.3baa2186_0.trap.tar.zst) for CWE242.link (725 of 768)
[2026-03-02 10:30:49] Importing wctype.h.32500433.trap (io.c.3baa2186_0.trap.tar.zst) for CWE242.link (726 of 768)
[2026-03-02 10:30:49] Importing _mbstate_t.h.f164fcfb.trap (io.c.3baa2186_0.trap.tar.zst) for CWE242.link (727 of 768)
[2026-03-02 10:30:49] Importing __stdarg_header_macro.h.bfeb891a.trap (io.c.3baa2186_0.trap.tar.zst) for CWE242.link (728 of 768)
[2026-03-02 10:30:49] Importing __stdarg___gnuc_va_list.h.d9e307db.trap (io.c.3baa2186_0.trap.tar.zst) for CWE242.link (729 of 768)
[2026-03-02 10:30:49] Importing __stdarg_va_list.h.e2fa121d.trap (io.c.3baa2186_0.trap.tar.zst) for CWE242.link (730 of 768)
[2026-03-02 10:30:49] Importing __stdarg_va_arg.h.fd0eba9b.trap (io.c.3baa2186_0.trap.tar.zst) for CWE242.link (731 of 768)
[2026-03-02 10:30:49] Importing __stdarg___va_copy.h.bfeb891a.trap (io.c.3baa2186_0.trap.tar.zst) for CWE242.link (732 of 768)
[2026-03-02 10:30:49] Importing __stdarg_va_copy.h.bfeb891a.trap (io.c.3baa2186_0.trap.tar.zst) for CWE242.link (733 of 768)
[2026-03-02 10:30:49] Importing stdarg.h.8064bbc4.trap (io.c.3baa2186_0.trap.tar.zst) for CWE242.link (734 of 768)
[2026-03-02 10:30:49] Importing _wchar.h.f32b1f6d.trap (io.c.3baa2186_0.trap.tar.zst) for CWE242.link (735 of 768)
[2026-03-02 10:30:49] Importing wchar.h.a38ef3e2.trap (io.c.3baa2186_0.trap.tar.zst) for CWE242.link (736 of 768)
[2026-03-02 10:30:49] Importing io.c.3baa2186.trap (io.c.3baa2186_0.trap.tar.zst) for CWE242.link (737 of 768)
[2026-03-02 10:30:49] Importing pthread_impl.h.3750a28f.trap (std_thread.c.293efbb9_0.trap.tar.zst) for CWE242.link (738 of 768)
[2026-03-02 10:30:49] Importing sched.h.99e66e14.trap (std_thread.c.293efbb9_0.trap.tar.zst) for CWE242.link (739 of 768)
[2026-03-02 10:30:49] Importing qos.h.061f3cc9.trap (std_thread.c.293efbb9_0.trap.tar.zst) for CWE242.link (740 of 768)
[2026-03-02 10:30:49] Importing qos.h.f6141f2e.trap (std_thread.c.293efbb9_0.trap.tar.zst) for CWE242.link (741 of 768)
[2026-03-02 10:30:49] Importing _mach_port_t.h.5d66d8ae.trap (std_thread.c.293efbb9_0.trap.tar.zst) for CWE242.link (742 of 768)
[2026-03-02 10:30:49] Importing pthread.h.e9b7109f.trap (std_thread.c.293efbb9_0.trap.tar.zst) for CWE242.link (743 of 768)
[2026-03-02 10:30:49] Importing std_thread.h.4aaa7e60.trap (std_thread.c.293efbb9_0.trap.tar.zst) for CWE242.link (744 of 768)
[2026-03-02 10:30:49] Importing std_thread.c.293efbb9.trap (std_thread.c.293efbb9_0.trap.tar.zst) for CWE242.link (745 of 768)
[2026-03-02 10:30:49] Importing 66064872_0.trap.zst for CWE242.link (746 of 768)
[2026-03-02 10:30:49] Importing 49888871_0.trap.zst for CWE242.link (747 of 768)
[2026-03-02 10:30:49] Importing 15537297_0.trap.zst for CWE242.link (748 of 768)
[2026-03-02 10:30:49] Importing 23249977_0.trap.zst for CWE242.link (749 of 768)
[2026-03-02 10:30:49] Importing 42181871_0.trap.zst for CWE242.link (750 of 768)
[2026-03-02 10:30:49] Importing 4474573_0.trap.zst for CWE242.link (751 of 768)
[2026-03-02 10:30:49] Importing 12597388_0.trap.zst for CWE242.link (752 of 768)
[2026-03-02 10:30:49] Importing 47419857_0.trap.zst for CWE242.link (753 of 768)
[2026-03-02 10:30:49] Importing 64586922_0.trap.zst for CWE242.link (754 of 768)
[2026-03-02 10:30:49] Importing 4277248_0.trap.zst for CWE242.link (755 of 768)
[2026-03-02 10:30:49] Importing 47265272_0.trap.zst for CWE242.link (756 of 768)
[2026-03-02 10:30:49] Importing 59583876_0.trap.zst for CWE242.link (757 of 768)
[2026-03-02 10:30:49] Importing 59453682_0.trap.zst for CWE242.link (758 of 768)
[2026-03-02 10:30:49] Importing 47655054_0.trap.zst for CWE242.link (759 of 768)
[2026-03-02 10:30:49] Importing 58733908_0.trap.zst for CWE242.link (760 of 768)
[2026-03-02 10:30:49] Importing 12551558_0.trap.zst for CWE242.link (761 of 768)
[2026-03-02 10:30:49] Importing 50085034_0.trap.zst for CWE242.link (762 of 768)
[2026-03-02 10:30:49] Importing 57928706_0.trap.zst for CWE242.link (763 of 768)
[2026-03-02 10:30:49] Importing 15412392_0.trap.zst for CWE242.link (764 of 768)
[2026-03-02 10:30:49] Importing 52479623_0.trap.zst for CWE242.link (765 of 768)
[2026-03-02 10:30:49] Importing 15314382_0.trap.zst for CWE242.link (766 of 768)
[2026-03-02 10:30:49] Importing metadata.trap.gz for no link target (767 of 768)
[2026-03-02 10:30:49] Importing CWE242.trap.zst for CWE242.link (768 of 768)
[2026-03-02 10:30:49] [PROGRESS] dataset import> Merging relations
[2026-03-02 10:30:49] Merging 1 fragment for 'extractor_version'.
[2026-03-02 10:30:49] Merged 27 bytes for 'extractor_version'.
[2026-03-02 10:30:49] Merging 1 fragment for 'fileannotations'.
[2026-03-02 10:30:49] Merged 8829 bytes (8.62 KiB) for 'fileannotations'.
[2026-03-02 10:30:49] Merging 1 fragment for 'files'.
[2026-03-02 10:30:49] Merged 869 bytes for 'files'.
[2026-03-02 10:30:49] Merging 1 fragment for 'numlines'.
[2026-03-02 10:30:49] Merged 2483 bytes (2.42 KiB) for 'numlines'.
[2026-03-02 10:30:49] Merging 1 fragment for 'locations_default'.
[2026-03-02 10:30:49] Merged 151864 bytes (148.30 KiB) for 'locations_default'.
[2026-03-02 10:30:49] Merging 1 fragment for 'preprocdirects'.
[2026-03-02 10:30:49] Merged 32470 bytes (31.71 KiB) for 'preprocdirects'.
[2026-03-02 10:30:49] Merging 1 fragment for 'preproctext'.
[2026-03-02 10:30:49] Merged 28398 bytes (27.73 KiB) for 'preproctext'.
[2026-03-02 10:30:49] Merging 1 fragment for 'includes'.
[2026-03-02 10:30:49] Merged 2929 bytes (2.86 KiB) for 'includes'.
[2026-03-02 10:30:49] Merging 1 fragment for 'link_parent'.
[2026-03-02 10:30:49] Merged 1871 bytes (1.83 KiB) for 'link_parent'.
[2026-03-02 10:30:49] Merging 1 fragment for 'functions'.
[2026-03-02 10:30:49] Merged 2542 bytes (2.48 KiB) for 'functions'.
[2026-03-02 10:30:49] Merging 1 fragment for 'function_return_type'.
[2026-03-02 10:30:49] Merged 2719 bytes (2.66 KiB) for 'function_return_type'.
[2026-03-02 10:30:49] Merging 1 fragment for 'fun_decls'.
[2026-03-02 10:30:49] Merged 7217 bytes (7.05 KiB) for 'fun_decls'.
[2026-03-02 10:30:49] Merging 1 fragment for 'fun_def'.
[2026-03-02 10:30:49] Merged 318 bytes for 'fun_def'.
[2026-03-02 10:30:49] Merging 1 fragment for 'fun_decl_specifiers'.
[2026-03-02 10:30:49] Merged 3951 bytes (3.86 KiB) for 'fun_decl_specifiers'.
[2026-03-02 10:30:49] Merging 1 fragment for 'stmts'.
[2026-03-02 10:30:49] Merged 4361 bytes (4.26 KiB) for 'stmts'.
[2026-03-02 10:30:49] Merging 1 fragment for 'routinetypes'.
[2026-03-02 10:30:49] Merged 231 bytes for 'routinetypes'.
[2026-03-02 10:30:49] Merging 1 fragment for 'unspecifiedtype'.
[2026-03-02 10:30:49] Merged 6530 bytes (6.38 KiB) for 'unspecifiedtype'.
[2026-03-02 10:30:49] Merging 1 fragment for 'derivedtypes'.
[2026-03-02 10:30:49] Merged 4930 bytes (4.81 KiB) for 'derivedtypes'.
[2026-03-02 10:30:49] Merging 1 fragment for 'pointerishsize'.
[2026-03-02 10:30:49] Merged 724 bytes for 'pointerishsize'.
[2026-03-02 10:30:49] Merging 1 fragment for 'exprs'.
[2026-03-02 10:30:49] Merged 15922 bytes (15.55 KiB) for 'exprs'.
[2026-03-02 10:30:49] Merging 1 fragment for 'expr_types'.
[2026-03-02 10:30:49] Merged 13217 bytes (12.91 KiB) for 'expr_types'.
[2026-03-02 10:30:49] Merging 1 fragment for 'funbind'.
[2026-03-02 10:30:49] Merged 1301 bytes (1.27 KiB) for 'funbind'.
[2026-03-02 10:30:49] Merging 1 fragment for 'exprparents'.
[2026-03-02 10:30:49] Merged 7975 bytes (7.79 KiB) for 'exprparents'.
[2026-03-02 10:30:49] Merging 1 fragment for 'compgenerated'.
[2026-03-02 10:30:49] Merged 1245 bytes (1.22 KiB) for 'compgenerated'.
[2026-03-02 10:30:49] Merging 1 fragment for 'stmtparents'.
[2026-03-02 10:30:49] Merged 3551 bytes (3.47 KiB) for 'stmtparents'.
[2026-03-02 10:30:49] Merging 1 fragment for 'blockscope'.
[2026-03-02 10:30:49] Merged 1337 bytes (1.31 KiB) for 'blockscope'.
[2026-03-02 10:30:49] Merging 1 fragment for 'function_entry_point'.
[2026-03-02 10:30:49] Merged 645 bytes for 'function_entry_point'.
[2026-03-02 10:30:49] Merging 1 fragment for 'arraysizes'.
[2026-03-02 10:30:49] Merged 389 bytes for 'arraysizes'.
[2026-03-02 10:30:49] Merging 1 fragment for 'macroinvocations'.
[2026-03-02 10:30:49] Merged 47850 bytes (46.73 KiB) for 'macroinvocations'.
[2026-03-02 10:30:49] Merging 1 fragment for 'values'.
[2026-03-02 10:30:49] Merged 4923 bytes (4.81 KiB) for 'values'.
[2026-03-02 10:30:49] Merging 1 fragment for 'valuetext'.
[2026-03-02 10:30:49] Merged 3317 bytes (3.24 KiB) for 'valuetext'.
[2026-03-02 10:30:49] Merging 1 fragment for 'valuebind'.
[2026-03-02 10:30:49] Merged 4332 bytes (4.23 KiB) for 'valuebind'.
[2026-03-02 10:30:49] Merging 1 fragment for 'localvariables'.
[2026-03-02 10:30:49] Merged 534 bytes for 'localvariables'.
[2026-03-02 10:30:49] Merging 1 fragment for 'var_decls'.
[2026-03-02 10:30:49] Merged 18462 bytes (18.03 KiB) for 'var_decls'.
[2026-03-02 10:30:49] Merging 1 fragment for 'var_def'.
[2026-03-02 10:30:49] Merged 1553 bytes (1.52 KiB) for 'var_def'.
[2026-03-02 10:30:49] Merging 1 fragment for 'affectedbymacroexpansion'.
[2026-03-02 10:30:49] Merged 3758 bytes (3.67 KiB) for 'affectedbymacroexpansion'.
[2026-03-02 10:30:49] Merging 1 fragment for 'stmt_decl_bind'.
[2026-03-02 10:30:49] Merged 337 bytes for 'stmt_decl_bind'.
[2026-03-02 10:30:49] Merging 1 fragment for 'stmt_decl_entry_bind'.
[2026-03-02 10:30:49] Merged 310 bytes for 'stmt_decl_entry_bind'.
[2026-03-02 10:30:49] Merging 1 fragment for 'routinetypeargs'.
[2026-03-02 10:30:49] Merged 590 bytes for 'routinetypeargs'.
[2026-03-02 10:30:49] Merging 1 fragment for 'inmacroexpansion'.
[2026-03-02 10:30:49] Merged 3932 bytes (3.84 KiB) for 'inmacroexpansion'.
[2026-03-02 10:30:49] Merging 1 fragment for 'macrolocationbind'.
[2026-03-02 10:30:49] Merged 2977 bytes (2.91 KiB) for 'macrolocationbind'.
[2026-03-02 10:30:49] Merging 1 fragment for 'expr_isload'.
[2026-03-02 10:30:49] Merged 487 bytes for 'expr_isload'.
[2026-03-02 10:30:49] Merging 1 fragment for 'if_then'.
[2026-03-02 10:30:49] Merged 307 bytes for 'if_then'.
[2026-03-02 10:30:49] Merging 1 fragment for 'preproctrue'.
[2026-03-02 10:30:49] Merged 1684 bytes (1.64 KiB) for 'preproctrue'.
[2026-03-02 10:30:49] Merging 1 fragment for 'preprocfalse'.
[2026-03-02 10:30:49] Merged 688 bytes for 'preprocfalse'.
[2026-03-02 10:30:49] Merging 1 fragment for 'comments'.
[2026-03-02 10:30:49] Merged 18191 bytes (17.76 KiB) for 'comments'.
[2026-03-02 10:30:49] Merging 1 fragment for 'commentbinding'.
[2026-03-02 10:30:49] Merged 8214 bytes (8.02 KiB) for 'commentbinding'.
[2026-03-02 10:30:49] Merging 1 fragment for 'containerparent'.
[2026-03-02 10:30:49] Merged 733 bytes for 'containerparent'.
[2026-03-02 10:30:49] Merging 1 fragment for 'folders'.
[2026-03-02 10:30:49] Merged 146 bytes for 'folders'.
[2026-03-02 10:30:49] Merging 1 fragment for 'mangled_name'.
[2026-03-02 10:30:49] Merged 6268 bytes (6.12 KiB) for 'mangled_name'.
[2026-03-02 10:30:49] Merging 1 fragment for 'iscall'.
[2026-03-02 10:30:49] Merged 526 bytes for 'iscall'.
[2026-03-02 10:30:49] Merging 1 fragment for 'typespecifiers'.
[2026-03-02 10:30:49] Merged 764 bytes for 'typespecifiers'.
[2026-03-02 10:30:49] Merging 1 fragment for 'funspecifiers'.
[2026-03-02 10:30:49] Merged 4654 bytes (4.54 KiB) for 'funspecifiers'.
[2026-03-02 10:30:49] Merging 1 fragment for 'varspecifiers'.
[2026-03-02 10:30:49] Merged 2373 bytes (2.32 KiB) for 'varspecifiers'.
[2026-03-02 10:30:49] Merging 1 fragment for 'expr_ancestor'.
[2026-03-02 10:30:49] Merged 161 bytes for 'expr_ancestor'.
[2026-03-02 10:30:49] Merging 1 fragment for 'varbind'.
[2026-03-02 10:30:49] Merged 2105 bytes (2.06 KiB) for 'varbind'.
[2026-03-02 10:30:49] Merging 1 fragment for 'exprconv'.
[2026-03-02 10:30:49] Merged 2504 bytes (2.45 KiB) for 'exprconv'.
[2026-03-02 10:30:49] Merging 1 fragment for 'conversionkinds'.
[2026-03-02 10:30:49] Merged 729 bytes for 'conversionkinds'.
[2026-03-02 10:30:49] Merging 1 fragment for 'preprocpair'.
[2026-03-02 10:30:49] Merged 9735 bytes (9.51 KiB) for 'preprocpair'.
[2026-03-02 10:30:49] Merging 1 fragment for 'type_mentions'.
[2026-03-02 10:30:49] Merged 5562 bytes (5.43 KiB) for 'type_mentions'.
[2026-03-02 10:30:49] Merging 1 fragment for 'function_prototyped'.
[2026-03-02 10:30:49] Merged 1185 bytes (1.16 KiB) for 'function_prototyped'.
[2026-03-02 10:30:49] Merging 1 fragment for 'params'.
[2026-03-02 10:30:49] Merged 9045 bytes (8.83 KiB) for 'params'.
[2026-03-02 10:30:49] Merging 1 fragment for 'usertypes'.
[2026-03-02 10:30:49] Merged 4391 bytes (4.29 KiB) for 'usertypes'.
[2026-03-02 10:30:49] Merging 1 fragment for 'usertype_alias_kind'.
[2026-03-02 10:30:49] Merged 601 bytes for 'usertype_alias_kind'.
[2026-03-02 10:30:49] Merging 1 fragment for 'typedefbase'.
[2026-03-02 10:30:49] Merged 1247 bytes (1.22 KiB) for 'typedefbase'.
[2026-03-02 10:30:49] Merging 1 fragment for 'type_decls'.
[2026-03-02 10:30:49] Merged 4756 bytes (4.64 KiB) for 'type_decls'.
[2026-03-02 10:30:49] Merging 1 fragment for 'type_decl_top'.
[2026-03-02 10:30:49] Merged 612 bytes for 'type_decl_top'.
[2026-03-02 10:30:49] Merging 1 fragment for 'macro_argument_unexpanded'.
[2026-03-02 10:30:49] Merged 24612 bytes (24.04 KiB) for 'macro_argument_unexpanded'.
[2026-03-02 10:30:49] Merging 1 fragment for 'macro_argument_expanded'.
[2026-03-02 10:30:49] Merged 24323 bytes (23.75 KiB) for 'macro_argument_expanded'.
[2026-03-02 10:30:49] Merging 1 fragment for 'param_decl_bind'.
[2026-03-02 10:30:49] Merged 5726 bytes (5.59 KiB) for 'param_decl_bind'.
[2026-03-02 10:30:49] Merging 1 fragment for 'attributes'.
[2026-03-02 10:30:49] Merged 3337 bytes (3.26 KiB) for 'attributes'.
[2026-03-02 10:30:49] Merging 1 fragment for 'funcattributes'.
[2026-03-02 10:30:49] Merged 1721 bytes (1.68 KiB) for 'funcattributes'.
[2026-03-02 10:30:49] Merging 1 fragment for 'attribute_arg_constant'.
[2026-03-02 10:30:49] Merged 734 bytes for 'attribute_arg_constant'.
[2026-03-02 10:30:49] Merging 1 fragment for 'attribute_args'.
[2026-03-02 10:30:49] Merged 7752 bytes (7.57 KiB) for 'attribute_args'.
[2026-03-02 10:30:49] Merging 1 fragment for 'attribute_arg_value'.
[2026-03-02 10:30:49] Merged 3932 bytes (3.84 KiB) for 'attribute_arg_value'.
[2026-03-02 10:30:49] Merging 1 fragment for 'macroparent'.
[2026-03-02 10:30:49] Merged 12061 bytes (11.78 KiB) for 'macroparent'.
[2026-03-02 10:30:49] Merging 1 fragment for 'usertypesize'.
[2026-03-02 10:30:49] Merged 987 bytes for 'usertypesize'.
[2026-03-02 10:30:49] Merging 1 fragment for 'enumconstants'.
[2026-03-02 10:30:49] Merged 395 bytes for 'enumconstants'.
[2026-03-02 10:30:49] Merging 1 fragment for 'initialisers'.
[2026-03-02 10:30:49] Merged 523 bytes for 'initialisers'.
[2026-03-02 10:30:49] Merging 1 fragment for 'type_def'.
[2026-03-02 10:30:49] Merged 963 bytes for 'type_def'.
[2026-03-02 10:30:49] Merging 1 fragment for 'is_pod_class'.
[2026-03-02 10:30:49] Merged 203 bytes for 'is_pod_class'.
[2026-03-02 10:30:49] Merging 1 fragment for 'is_standard_layout_class'.
[2026-03-02 10:30:49] Merged 305 bytes for 'is_standard_layout_class'.
[2026-03-02 10:30:49] Merging 1 fragment for 'is_complete'.
[2026-03-02 10:30:49] Merged 469 bytes for 'is_complete'.
[2026-03-02 10:30:49] Merging 1 fragment for 'member'.
[2026-03-02 10:30:49] Merged 3756 bytes (3.67 KiB) for 'member'.
[2026-03-02 10:30:49] Merging 1 fragment for 'membervariables'.
[2026-03-02 10:30:49] Merged 3291 bytes (3.21 KiB) for 'membervariables'.
[2026-03-02 10:30:49] Merging 1 fragment for 'fieldoffsets'.
[2026-03-02 10:30:49] Merged 2118 bytes (2.07 KiB) for 'fieldoffsets'.
[2026-03-02 10:30:49] Merging 1 fragment for 'globalvariables'.
[2026-03-02 10:30:49] Merged 487 bytes for 'globalvariables'.
[2026-03-02 10:30:49] Merging 1 fragment for 'var_decl_specifiers'.
[2026-03-02 10:30:49] Merged 109 bytes for 'var_decl_specifiers'.
[2026-03-02 10:30:49] Merging 1 fragment for 'varattributes'.
[2026-03-02 10:30:49] Merged 150 bytes for 'varattributes'.
[2026-03-02 10:30:49] Merging 1 fragment for 'if_else'.
[2026-03-02 10:30:49] Merged 101 bytes for 'if_else'.
[2026-03-02 10:30:49] Merging 1 fragment for 'builtintypes'.
[2026-03-02 10:30:49] Merged 398 bytes for 'builtintypes'.
[2026-03-02 10:30:49] Merging 1 fragment for 'link_targets'.
[2026-03-02 10:30:49] Merged 32 bytes for 'link_targets'.
[2026-03-02 10:30:49] Merging 1 fragment for 'namespaces'.
[2026-03-02 10:30:49] Merged 37 bytes for 'namespaces'.
[2026-03-02 10:30:49] Merging 1 fragment for 'specialnamequalifyingelements'.
[2026-03-02 10:30:49] Merged 28 bytes for 'specialnamequalifyingelements'.
[2026-03-02 10:30:49] Merging 1 fragment for 'specifiers'.
[2026-03-02 10:30:49] Merged 156 bytes for 'specifiers'.
[2026-03-02 10:30:49] Merging 1 fragment for 'bitfield'.
[2026-03-02 10:30:49] Merged 158 bytes for 'bitfield'.
[2026-03-02 10:30:49] Merging 1 fragment for 'builtin_functions'.
[2026-03-02 10:30:49] Merged 35 bytes for 'builtin_functions'.
[2026-03-02 10:30:49] Merging 1 fragment for 'sizeof_bind'.
[2026-03-02 10:30:49] Merged 59 bytes for 'sizeof_bind'.
[2026-03-02 10:30:49] Merging 1 fragment for 'expr_cond_guard'.
[2026-03-02 10:30:49] Merged 57 bytes for 'expr_cond_guard'.
[2026-03-02 10:30:49] Merging 1 fragment for 'expr_cond_true'.
[2026-03-02 10:30:49] Merged 57 bytes for 'expr_cond_true'.
[2026-03-02 10:30:49] Merging 1 fragment for 'expr_cond_false'.
[2026-03-02 10:30:49] Merged 57 bytes for 'expr_cond_false'.
[2026-03-02 10:30:49] Merging 1 fragment for 'switch_body'.
[2026-03-02 10:30:49] Merged 39 bytes for 'switch_body'.
[2026-03-02 10:30:49] Merging 1 fragment for 'switch_case'.
[2026-03-02 10:30:49] Merged 62 bytes for 'switch_case'.
[2026-03-02 10:30:49] Merging 1 fragment for 'jumpinfo'.
[2026-03-02 10:30:49] Merged 93 bytes for 'jumpinfo'.
[2026-03-02 10:30:49] Merging 1 fragment for 'while_body'.
[2026-03-02 10:30:49] Merged 44 bytes for 'while_body'.
[2026-03-02 10:30:49] Merging 1 fragment for 'for_condition'.
[2026-03-02 10:30:49] Merged 41 bytes for 'for_condition'.
[2026-03-02 10:30:49] Merging 1 fragment for 'for_body'.
[2026-03-02 10:30:49] Merged 41 bytes for 'for_body'.
[2026-03-02 10:30:49] Merging 1 fragment for 'for_initialization'.
[2026-03-02 10:30:49] Merged 41 bytes for 'for_initialization'.
[2026-03-02 10:30:49] Merging 1 fragment for 'for_update'.
[2026-03-02 10:30:49] Merged 41 bytes for 'for_update'.
[2026-03-02 10:30:49] Merging 1 fragment for 'fun_decl_empty_throws'.
[2026-03-02 10:30:49] Merged 293 bytes for 'fun_decl_empty_throws'.
[2026-03-02 10:30:49] Merging 1 fragment for 'fun_decl_empty_noexcept'.
[2026-03-02 10:30:49] Merged 106 bytes for 'fun_decl_empty_noexcept'.
[2026-03-02 10:30:49] Merging 1 fragment for 'namequalifiers'.
[2026-03-02 10:30:49] Merged 233 bytes for 'namequalifiers'.
[2026-03-02 10:30:49] Merging 1 fragment for 'decltypes'.
[2026-03-02 10:30:49] Merged 113 bytes for 'decltypes'.
[2026-03-02 10:30:49] Merging 1 fragment for 'namespacembrs'.
[2026-03-02 10:30:49] Merged 751 bytes for 'namespacembrs'.
[2026-03-02 10:30:49] Merging 1 fragment for 'namespace_inline'.
[2026-03-02 10:30:49] Merged 18 bytes for 'namespace_inline'.
[2026-03-02 10:30:49] Merging 1 fragment for 'namespace_decls'.
[2026-03-02 10:30:49] Merged 1301 bytes (1.27 KiB) for 'namespace_decls'.
[2026-03-02 10:30:49] Merging 1 fragment for 'usings'.
[2026-03-02 10:30:49] Merged 326 bytes for 'usings'.
[2026-03-02 10:30:49] Merging 1 fragment for 'using_container'.
[2026-03-02 10:30:49] Merged 113 bytes for 'using_container'.
[2026-03-02 10:30:49] Merging 1 fragment for 'derivations'.
[2026-03-02 10:30:49] Merged 724 bytes for 'derivations'.
[2026-03-02 10:30:49] Merging 1 fragment for 'function_defaulted'.
[2026-03-02 10:30:49] Merged 29 bytes for 'function_defaulted'.
[2026-03-02 10:30:49] Merging 1 fragment for 'member_function_this_type'.
[2026-03-02 10:30:49] Merged 32 bytes for 'member_function_this_type'.
[2026-03-02 10:30:49] Merging 1 fragment for 'direct_base_offsets'.
[2026-03-02 10:30:49] Merged 36 bytes for 'direct_base_offsets'.
[2026-03-02 10:30:49] Merging 1 fragment for 'overrides'.
[2026-03-02 10:30:49] Merged 43 bytes for 'overrides'.
[2026-03-02 10:30:49] Merging 1 fragment for 'derspecifiers'.
[2026-03-02 10:30:49] Merged 162 bytes for 'derspecifiers'.
[2026-03-02 10:30:49] Merging 1 fragment for 'typeattributes'.
[2026-03-02 10:30:49] Merged 728 bytes for 'typeattributes'.
[2026-03-02 10:30:49] Merging 1 fragment for 'is_class_template'.
[2026-03-02 10:30:49] Merged 207 bytes for 'is_class_template'.
[2026-03-02 10:30:49] Merging 1 fragment for 'class_template_argument'.
[2026-03-02 10:30:49] Merged 1562 bytes (1.53 KiB) for 'class_template_argument'.
[2026-03-02 10:30:49] Merging 1 fragment for 'is_function_template'.
[2026-03-02 10:30:49] Merged 66 bytes for 'is_function_template'.
[2026-03-02 10:30:49] Merging 1 fragment for 'function_template_argument'.
[2026-03-02 10:30:49] Merged 268 bytes for 'function_template_argument'.
[2026-03-02 10:30:49] Merging 1 fragment for 'class_template_argument_value'.
[2026-03-02 10:30:49] Merged 321 bytes for 'class_template_argument_value'.
[2026-03-02 10:30:49] Merging 1 fragment for 'nontype_template_parameters'.
[2026-03-02 10:30:49] Merged 79 bytes for 'nontype_template_parameters'.
[2026-03-02 10:30:49] Merging 1 fragment for 'is_variable_template'.
[2026-03-02 10:30:49] Merged 135 bytes for 'is_variable_template'.
[2026-03-02 10:30:49] Merging 1 fragment for 'variable_template_argument'.
[2026-03-02 10:30:49] Merged 562 bytes for 'variable_template_argument'.
[2026-03-02 10:30:49] Merging 1 fragment for 'type_operators'.
[2026-03-02 10:30:49] Merged 533 bytes for 'type_operators'.
[2026-03-02 10:30:49] Merging 1 fragment for 'function_template_argument_value'.
[2026-03-02 10:30:49] Merged 58 bytes for 'function_template_argument_value'.
[2026-03-02 10:30:49] Merging 1 fragment for 'numtemplatearguments'.
[2026-03-02 10:30:49] Merged 101 bytes for 'numtemplatearguments'.
[2026-03-02 10:30:49] Merging 1 fragment for 'variable_template_argument_value'.
[2026-03-02 10:30:49] Merged 54 bytes for 'variable_template_argument_value'.
[2026-03-02 10:30:49] Merging 1 fragment for 'function_deleted'.
[2026-03-02 10:30:49] Merged 22 bytes for 'function_deleted'.
[2026-03-02 10:30:49] Merging 1 fragment for 'is_proxy_class_for'.
[2026-03-02 10:30:49] Merged 65 bytes for 'is_proxy_class_for'.
[2026-03-02 10:30:49] Merging 1 fragment for 'ptrtomembers'.
[2026-03-02 10:30:49] Merged 38 bytes for 'ptrtomembers'.
[2026-03-02 10:30:49] Merging 1 fragment for 'fun_decl_noexcept'.
[2026-03-02 10:30:49] Merged 49 bytes for 'fun_decl_noexcept'.
[2026-03-02 10:30:49] Merging 1 fragment for 'class_instantiation'.
[2026-03-02 10:30:49] Merged 272 bytes for 'class_instantiation'.
[2026-03-02 10:30:49] Merging 1 fragment for 'variable_instantiation'.
[2026-03-02 10:30:49] Merged 90 bytes for 'variable_instantiation'.
[2026-03-02 10:30:49] Merging 1 fragment for 'compilations'.
[2026-03-02 10:30:49] Merged 53 bytes for 'compilations'.
[2026-03-02 10:30:49] Merging 1 fragment for 'compilation_args'.
[2026-03-02 10:30:49] Merged 4730 bytes (4.62 KiB) for 'compilation_args'.
[2026-03-02 10:30:49] Merging 1 fragment for 'compilation_expanded_args'.
[2026-03-02 10:30:49] Merged 4730 bytes (4.62 KiB) for 'compilation_expanded_args'.
[2026-03-02 10:30:49] Merging 1 fragment for 'compilation_compiling_files'.
[2026-03-02 10:30:49] Merged 116 bytes for 'compilation_compiling_files'.
[2026-03-02 10:30:49] Merging 1 fragment for 'compilation_time'.
[2026-03-02 10:30:49] Merged 1005 bytes for 'compilation_time'.
[2026-03-02 10:30:49] Merging 1 fragment for 'compilation_finished'.
[2026-03-02 10:30:49] Merged 316 bytes for 'compilation_finished'.
[2026-03-02 10:30:49] Merging 1 fragment for 'sourceLocationPrefix'.
[2026-03-02 10:30:49] Merged 18 bytes for 'sourceLocationPrefix'.
[2026-03-02 10:30:49] Saving string and id pools to disk.
[2026-03-02 10:30:49] Finished importing TRAP files.
[2026-03-02 10:30:49] Read 28.17 MiB of uncompressed TRAP data.
[2026-03-02 10:30:49] Uncompressed relation data size: 2.45 MiB
[2026-03-02 10:30:49] Relation data size: 595.09 KiB (merge rate: 8.00 MiB/s)
[2026-03-02 10:30:49] String pool size: 2.41 MiB
[2026-03-02 10:30:49] ID pool size: 4.50 MiB
[2026-03-02 10:30:49] [PROGRESS] dataset import> Finished writing database (relations: 595.09 KiB; string pool: 2.41 MiB).
[2026-03-02 10:30:49] Pausing evaluation to close the cache at sequence stamp o+303
[2026-03-02 10:30:49] The disk cache is freshly trimmed; leave it be.
[2026-03-02 10:30:49] Unpausing evaluation
[2026-03-02 10:30:49] Plumbing command codeql dataset import completed.
[2026-03-02 10:30:49] [PROGRESS] database finalize> TRAP import complete (1.1s).
[2026-03-02 10:30:49] Running plumbing command: codeql database cleanup -- /Users/afiaasante/Security-Code-Smells/cwe242-db
[2026-03-02 10:30:49] [PROGRESS] database cleanup> Cleaning up existing TRAP files after import...
[2026-03-02 10:30:50] [PROGRESS] database cleanup> TRAP files cleaned up (10ms).
[2026-03-02 10:30:50] [PROGRESS] database cleanup> Cleaning up scratch directory...
[2026-03-02 10:30:50] [PROGRESS] database cleanup> Scratch directory cleaned up (108ms).
[2026-03-02 10:30:50] Running plumbing command: codeql dataset cleanup -- /Users/afiaasante/Security-Code-Smells/cwe242-db/db-cpp
[2026-03-02 10:30:50] [PROGRESS] dataset cleanup> Cleaning up dataset in /Users/afiaasante/Security-Code-Smells/cwe242-db/db-cpp.
[2026-03-02 10:30:50] Trimming disk cache at /Users/afiaasante/Security-Code-Smells/cwe242-db/db-cpp/default/cache in mode trim.
[2026-03-02 10:30:50] Sequence stamp origin is -5941204852504730607
[2026-03-02 10:30:50] Pausing evaluation to quickly trim memory at sequence stamp o+0
[2026-03-02 10:30:50] Unpausing evaluation
[2026-03-02 10:30:50] Pausing evaluation to zealously trim disk at sequence stamp o+1
[2026-03-02 10:30:50] Unpausing evaluation
[2026-03-02 10:30:50] Trimming completed (1ms): Trimmed disposable data from cache.
[2026-03-02 10:30:50] Pausing evaluation to close the cache at sequence stamp o+2
[2026-03-02 10:30:50] The disk cache is freshly trimmed; leave it be.
[2026-03-02 10:30:50] Unpausing evaluation
[2026-03-02 10:30:50] [PROGRESS] dataset cleanup> Trimmed disposable data from cache.
[2026-03-02 10:30:50] [PROGRESS] dataset cleanup> Finalizing dataset in /Users/afiaasante/Security-Code-Smells/cwe242-db/db-cpp
[2026-03-02 10:30:50] [DETAILS] dataset cleanup> Finished deleting ID pool from /Users/afiaasante/Security-Code-Smells/cwe242-db/db-cpp (1ms).
[2026-03-02 10:30:50] Plumbing command codeql dataset cleanup completed.
[2026-03-02 10:30:50] Plumbing command codeql database cleanup completed with status 0.
[2026-03-02 10:30:50] [PROGRESS] database finalize> Finished zipping source archive (498.93 KiB).
[2026-03-02 10:30:50] Plumbing command codeql database finalize completed.
[2026-03-02 10:30:50] [PROGRESS] database create> Successfully created database at /Users/afiaasante/Security-Code-Smells/cwe242-db.
[2026-03-02 10:30:50] Terminating normally.
